2020-07-01,sds
2020-07-01,sds
2020-07-01,sds
2020-07-01,sds
2020-07-01,sds
2020-07-01,sds
2020-07-01,sds
2020-07-01,sds
2020-07-01,sds
2020-07-01,sds
2020-07-01,sds
2020-07-01,sds
2020-07-01,sds
2020-07-01,sds
2020-07-01,sds
2020-07-01,sds
2020-07-01,sds
2020-07-01,sds
2020-07-01,sds
2020-07-01,sds
2020-07-03,bandcamp
2020-07-03,bandcamp
2020-07-03,bandcamp
2020-07-03,bandcamp
2020-07-03,bandcamp
2020-07-03,bandcamp
2020-07-03,bandcamp
2020-07-03,bandcamp
2020-07-03,bandcamp
2020-07-03,bandcamp
2020-07-03,bandcamp
2020-07-03,bandcamp
2020-07-03,bandcamp
2020-07-03,bandcamp
2020-07-03,bandcamp
2020-07-03,bandcamp
2020-07-03,bandcamp
2020-07-03,bandcamp
2020-07-03,bandcamp
2020-07-03,bandcamp
2020-07-03,bandcamp
2020-07-03,bandcamp
2020-07-03,bandcamp
2020-07-03,bandcamp
2020-07-03,bandcamp
2020-07-03,bandcamp
2020-07-03,bandcamp
2020-07-03,bandcamp
2020-07-03,bandcamp
2020-07-03,bandcamp
2020-07-03,bandcamp
2020-07-03,bandcamp
2020-07-03,bandcamp
2020-07-03,bandcamp
2020-07-03,bandcamp
2020-07-03,bandcamp
2020-07-03,bandcamp
2020-07-03,bandcamp
2020-07-03,bandcamp
2020-07-03,bandcamp
2020-07-03,bandcamp
2020-07-03,bandcamp
2020-07-03,bandcamp
2020-07-03,bandcamp
2020-07-03,bandcamp
2020-07-03,bandcamp
2020-07-03,bandcamp
2020-07-03,bandcamp
2020-07-03,bandcamp
2020-07-03,bandcamp
2020-07-03,bandcamp
2020-07-03,bandcamp
2020-07-03,bandcamp
2020-07-03,bandcamp
2020-07-03,bandcamp
2020-07-03,bandcamp
2020-07-03,bandcamp
2020-07-03,bandcamp
2020-07-03,bandcamp
2020-07-04,bandcamp
2020-07-04,bandcamp
2020-07-04,bandcamp
2020-07-04,bandcamp
2020-07-04,bandcamp
2020-07-04,bandcamp
2020-07-04,bandcamp
2020-07-04,bandcamp
2020-07-04,bandcamp
2020-07-04,bandcamp
2020-07-04,bandcamp
2020-07-04,bandcamp
2020-07-04,bandcamp
2020-07-07,bandcamp
2020-07-07,sddigital
2020-07-08,sddigital
2020-07-08,bandcamp
2020-07-09,sddigital
2020-07-09,sddigital
2020-07-09,sddigital
2020-07-09,sddigital
2020-07-09,sddigital
2020-07-09,sddigital
2020-07-09,sddigital
2020-07-09,sddigital
2020-07-09,sddigital
2020-07-09,sddigital
2020-07-09,sddigital
2020-07-09,sddigital
2020-07-09,sddigital
2020-07-09,sddigital
2020-07-09,sddigital
2020-07-09,sddigital
2020-07-09,sddigital
2020-07-09,sddigital
2020-07-09,sddigital
2020-07-09,sddigital
2020-07-09,sddigital
2020-07-09,sddigital
2020-07-09,sddigital
2020-07-09,sddigital
2020-07-09,sddigital
2020-07-09,sddigital
2020-07-09,sddigital
2020-07-09,sddigital
2020-07-09,sddigital
2020-07-09,sddigital
2020-07-09,sddigital
2020-07-09,sddigital
2020-07-09,sddigital
2020-07-09,sddigital
2020-07-09,sddigital
2020-07-09,sddigital
2020-07-09,sddigital
2020-07-09,sddigital
2020-07-09,sddigital
2020-07-09,sddigital
2020-07-09,sddigital
2020-07-09,sddigital
2020-07-09,sddigital
2020-07-09,sddigital
2020-07-09,sddigital
2020-07-09,sddigital
2020-07-09,sddigital
2020-07-09,sddigital
2020-07-09,sddigital
2020-07-09,sddigital
2020-07-09,sddigital
2020-07-09,sddigital
2020-07-09,sddigital
2020-07-09,sddigital
2020-07-09,sddigital
2020-07-09,sddigital
2020-07-09,sddigital
2020-07-09,sddigital
2020-07-09,sddigital
2020-07-09,sddigital
2020-07-09,sddigital
2020-07-09,sddigital
2020-07-09,sddigital
2020-07-09,sddigital
2020-07-09,sddigital
2020-07-09,sddigital
2020-07-09,sddigital
2020-07-09,sddigital
2020-07-09,sddigital
2020-07-12,bandcamp
2020-07-15,sddigital
2020-07-15,sddigital
2020-07-16,sddigital
2020-07-16,sddigital
2020-07-16,sddigital
2020-07-16,sddigital
2020-07-16,sddigital
2020-07-16,sddigital
2020-07-16,sddigital
2020-07-16,sddigital
2020-07-16,sddigital
2020-07-16,sddigital
2020-07-16,sddigital
2020-07-16,sddigital
2020-07-16,sddigital
2020-07-16,sddigital
2020-07-16,sddigital
2020-07-16,sddigital
2020-07-16,sddigital
2020-07-16,sddigital
2020-07-16,sddigital
2020-07-16,sddigital
2020-07-16,sddigital
2020-07-16,sddigital
2020-07-16,sddigital
2020-07-16,sddigital
2020-07-16,sddigital
2020-07-16,sddigital
2020-07-16,sddigital
2020-07-16,sddigital
2020-07-16,sddigital
2020-07-16,sddigital
2020-07-16,sddigital
2020-07-16,sddigital
2020-07-16,sddigital
2020-07-16,sddigital
2020-07-16,sddigital
2020-07-16,sddigital
2020-07-16,sddigital
2020-07-16,sddigital
2020-07-16,sddigital
2020-07-16,sddigital
2020-07-16,sddigital
2020-07-16,sddigital
2020-07-16,sddigital
2020-07-16,sddigital
2020-07-16,sddigital
2020-07-16,sddigital
2020-07-16,sddigital
2020-07-16,sddigital
2020-07-16,sddigital
2020-07-16,sddigital
2020-07-16,sddigital
2020-07-16,sddigital
2020-07-16,sddigital
2020-07-16,sddigital
2020-07-16,sddigital
2020-07-16,sddigital
2020-07-16,sddigital
2020-07-16,sddigital
2020-07-16,sddigital
2020-07-16,sddigital
2020-07-16,sddigital
2020-07-16,sddigital
2020-07-16,sddigital
2020-07-16,sddigital
2020-07-16,sddigital
2020-07-16,sddigital
2020-07-16,sddigital
2020-07-16,sddigital
2020-07-16,sddigital
2020-07-16,sddigital
2020-07-16,sddigital
2020-07-16,sddigital
2020-07-16,sddigital
2020-07-16,sddigital
2020-07-16,sddigital
2020-07-16,sddigital
2020-07-16,sddigital
2020-07-16,sddigital
2020-07-16,sddigital
2020-07-16,sddigital
2020-07-16,sddigital
2020-07-16,sddigital
2020-07-16,sddigital
2020-07-16,sddigital
2020-07-16,sddigital
2020-07-16,sddigital
2020-07-16,sddigital
2020-07-16,sddigital
2020-07-16,sddigital
2020-07-16,sddigital
2020-07-16,sddigital
2020-07-16,sddigital
2020-07-16,sddigital
2020-07-16,sddigital
2020-07-16,sddigital
2020-07-16,sddigital
2020-07-17,sddigital
2020-07-20,sddigital
2020-07-20,sddigital
2020-07-20,sddigital
2020-07-20,sddigital
2020-07-20,sddigital
2020-07-20,sddigital
2020-07-20,sddigital
2020-07-21,sddigital
2020-07-21,sddigital
2020-07-21,sddigital
2020-07-22,sddigital
2020-07-22,sddigital
2020-07-22,sddigital
2020-07-22,sddigital
2020-07-22,sddigital
2020-07-22,sddigital
2020-07-22,sddigital
2020-07-24,sddigital
2020-07-24,sddigital
2020-07-24,sddigital
2020-07-24,sddigital
2020-07-24,sddigital
2020-07-24,sddigital
2020-07-24,sddigital
2020-07-24,sddigital
2020-07-24,sddigital
2020-07-24,sddigital
2020-07-24,sddigital
2020-07-24,sddigital
2020-07-24,sddigital
2020-07-24,sddigital
2020-07-24,sddigital
2020-07-24,sddigital
2020-07-24,sddigital
2020-07-24,sddigital
2020-07-24,sddigital
2020-07-24,sddigital
2020-07-24,sddigital
2020-07-24,sddigital
2020-07-24,sddigital
2020-07-25,sddigital
2020-07-25,sddigital
2020-07-25,sddigital
2020-07-25,sddigital
2020-07-25,sddigital
2020-07-25,sddigital
2020-07-25,sddigital
2020-07-25,sddigital
2020-07-25,sddigital
2020-07-25,sddigital
2020-07-25,sddigital
2020-07-25,sddigital
2020-07-25,sddigital
2020-07-25,sddigital
2020-07-25,sddigital
2020-07-25,sddigital
2020-07-25,sddigital
2020-07-25,sddigital
2020-07-25,sddigital
2020-07-25,sddigital
2020-07-25,sddigital
2020-07-25,sddigital
2020-07-25,sddigital
2020-07-25,sddigital
2020-07-25,sddigital
2020-07-25,sddigital
2020-07-25,sddigital
2020-07-25,sddigital
2020-07-25,sddigital
2020-07-25,sddigital
2020-07-25,sddigital
2020-07-25,sddigital
2020-07-25,sddigital
2020-07-25,sddigital
2020-07-25,sddigital
2020-07-25,sddigital
2020-07-25,sddigital
2020-07-25,sddigital
2020-07-25,sddigital
2020-07-25,sddigital
2020-07-25,sddigital
2020-07-25,sddigital
2020-07-25,sddigital
2020-07-25,sddigital
2020-07-25,sddigital
2020-07-25,sddigital
2020-07-25,sddigital
2020-07-25,sddigital
2020-07-25,sddigital
2020-07-25,sddigital
2020-07-25,sddigital
2020-07-25,sddigital
2020-07-25,sddigital
2020-07-25,sddigital
2020-07-25,sddigital
2020-07-25,sddigital
2020-07-25,sddigital
2020-07-25,sddigital
2020-07-25,sddigital
2020-07-25,sddigital
2020-07-25,sddigital
2020-07-25,sddigital
2020-07-27,sddigital
2020-07-27,sddigital
2020-07-27,sddigital
2020-07-28,sddigital
2020-07-29,sddigital
2020-07-29,sddigital
2020-07-29,sddigital
2020-07-29,sddigital
2020-07-29,sddigital
2020-07-30,sddigital
2020-07-30,sddigital
2020-07-30,sddigital
2020-07-30,sddigital
2020-07-30,sddigital
2020-07-30,sddigital
2020-07-30,sddigital
2020-07-30,sddigital
2020-07-30,sddigital
2020-07-30,sddigital
2020-07-30,sddigital
2020-07-30,sddigital
2020-07-31,bandcamp
2020-08-01,sds
2020-08-01,sds
2020-08-01,sds
2020-08-01,sds
2020-08-01,sds
2020-08-01,sds
2020-08-01,sds
2020-08-01,bandcamp
2020-08-01,sds
2020-08-01,sds
2020-08-01,sds
2020-08-07,bandcamp
2020-08-07,bandcamp
2020-08-07,bandcamp
2020-08-07,bandcamp
2020-08-07,bandcamp
2020-08-07,bandcamp
2020-08-07,bandcamp
2020-08-07,bandcamp
2020-08-07,bandcamp
2020-08-07,bandcamp
2020-08-07,bandcamp
2020-08-07,bandcamp
2020-08-07,bandcamp
2020-08-07,bandcamp
2020-08-07,bandcamp
2020-08-07,bandcamp
2020-08-07,bandcamp
2020-08-07,bandcamp
2020-08-07,bandcamp
2020-08-07,bandcamp
2020-08-07,bandcamp
2020-08-07,bandcamp
2020-08-07,sddigital
2020-08-08,bandcamp
2020-08-08,bandcamp
2020-08-08,bandcamp
2020-08-08,bandcamp
2020-08-08,bandcamp
2020-08-08,bandcamp
2020-08-08,bandcamp
2020-08-08,bandcamp
2020-08-08,bandcamp
2020-08-08,bandcamp
2020-08-08,bandcamp
2020-08-08,bandcamp
2020-08-08,bandcamp
2020-08-08,bandcamp
2020-08-11,sddigital
2020-08-11,sddigital
2020-08-11,sddigital
2020-08-11,sddigital
2020-08-11,sddigital
2020-08-11,sddigital
2020-08-11,sddigital
2020-08-11,sddigital
2020-08-11,sddigital
2020-08-11,sddigital
2020-08-11,sddigital
2020-08-11,sddigital
2020-08-11,sddigital
2020-08-11,sddigital
2020-08-11,sddigital
2020-08-11,sddigital
2020-08-11,sddigital
2020-08-11,sddigital
2020-08-11,sddigital
2020-08-11,sddigital
2020-08-11,sddigital
2020-08-12,bandcamp
2020-08-14,sddigital
2020-08-14,sddigital
2020-08-14,sddigital
2020-08-14,sddigital
2020-08-14,sddigital
2020-08-14,sddigital
2020-08-14,sddigital
2020-08-14,sddigital
2020-08-14,sddigital
2020-08-14,sddigital
2020-08-16,sddigital
2020-08-16,sddigital
2020-08-16,sddigital
2020-08-16,sddigital
2020-08-16,sddigital
2020-08-16,sddigital
2020-08-16,sddigital
2020-08-16,sddigital
2020-08-16,sddigital
2020-08-16,sddigital
2020-08-16,sddigital
2020-08-16,sddigital
2020-08-16,sddigital
2020-08-16,sddigital
2020-08-16,sddigital
2020-08-16,sddigital
2020-08-16,sddigital
2020-08-16,sddigital
2020-08-16,sddigital
2020-08-16,sddigital
2020-08-16,sddigital
2020-08-16,sddigital
2020-08-16,sddigital
2020-08-16,sddigital
2020-08-16,sddigital
2020-08-16,sddigital
2020-08-16,sddigital
2020-08-16,sddigital
2020-08-16,sddigital
2020-08-16,sddigital
2020-08-16,sddigital
2020-08-16,sddigital
2020-08-16,sddigital
2020-08-16,sddigital
2020-08-16,sddigital
2020-08-16,sddigital
2020-08-16,sddigital
2020-08-16,sddigital
2020-08-16,sddigital
2020-08-16,sddigital
2020-08-16,sddigital
2020-08-16,sddigital
2020-08-16,sddigital
2020-08-16,sddigital
2020-08-16,sddigital
2020-08-16,sddigital
2020-08-16,sddigital
2020-08-16,sddigital
2020-08-16,sddigital
2020-08-16,sddigital
2020-08-16,sddigital
2020-08-16,sddigital
2020-08-16,sddigital
2020-08-16,sddigital
2020-08-16,sddigital
2020-08-16,sddigital
2020-08-16,sddigital
2020-08-16,sddigital
2020-08-16,sddigital
2020-08-16,sddigital
2020-08-16,sddigital
2020-08-16,sddigital
2020-08-16,sddigital
2020-08-16,sddigital
2020-08-16,sddigital
2020-08-16,sddigital
2020-08-16,sddigital
2020-08-16,sddigital
2020-08-16,sddigital
2020-08-16,sddigital
2020-08-16,sddigital
2020-08-16,sddigital
2020-08-16,sddigital
2020-08-16,sddigital
2020-08-16,sddigital
2020-08-16,sddigital
2020-08-16,sddigital
2020-08-16,sddigital
2020-08-16,sddigital
2020-08-16,sddigital
2020-08-16,sddigital
2020-08-16,sddigital
2020-08-16,sddigital
2020-08-17,sddigital
2020-08-17,sddigital
2020-08-17,sddigital
2020-08-17,bandcamp
2020-08-18,sddigital
2020-08-18,sddigital
2020-08-18,sddigital
2020-08-18,sddigital
2020-08-18,sddigital
2020-08-18,sddigital
2020-08-18,sddigital
2020-08-18,sddigital
2020-08-18,sddigital
2020-08-18,sddigital
2020-08-18,sddigital
2020-08-19,sddigital
2020-08-19,sddigital
2020-08-19,sddigital
2020-08-19,sddigital
2020-08-19,sddigital
2020-08-19,sddigital
2020-08-19,sddigital
2020-08-19,sddigital
2020-08-19,sddigital
2020-08-19,sddigital
2020-08-19,sddigital
2020-08-19,sddigital
2020-08-19,sddigital
2020-08-19,sddigital
2020-08-19,sddigital
2020-08-19,sddigital
2020-08-19,sddigital
2020-08-19,sddigital
2020-08-19,sddigital
2020-08-19,sddigital
2020-08-19,sddigital
2020-08-19,sddigital
2020-08-19,sddigital
2020-08-19,sddigital
2020-08-20,sddigital
2020-08-20,sddigital
2020-08-20,sddigital
2020-08-20,sddigital
2020-08-20,sddigital
2020-08-20,sddigital
2020-08-20,sddigital
2020-08-20,sddigital
2020-08-20,sddigital
2020-08-20,sddigital
2020-08-20,sddigital
2020-08-20,sddigital
2020-08-20,sddigital
2020-08-20,sddigital
2020-08-20,sddigital
2020-08-20,sddigital
2020-08-20,sddigital
2020-08-20,sddigital
2020-08-20,sddigital
2020-08-20,sddigital
2020-08-20,sddigital
2020-08-20,sddigital
2020-08-20,sddigital
2020-08-20,sddigital
2020-08-20,sddigital
2020-08-20,sddigital
2020-08-20,sddigital
2020-08-20,sddigital
2020-08-20,sddigital
2020-08-20,sddigital
2020-08-20,sddigital
2020-08-20,sddigital
2020-08-20,sddigital
2020-08-20,sddigital
2020-08-20,sddigital
2020-08-20,sddigital
2020-08-20,sddigital
2020-08-20,sddigital
2020-08-20,sddigital
2020-08-20,sddigital
2020-08-20,sddigital
2020-08-20,sddigital
2020-08-20,sddigital
2020-08-20,sddigital
2020-08-20,sddigital
2020-08-20,sddigital
2020-08-20,sddigital
2020-08-20,sddigital
2020-08-20,sddigital
2020-08-20,sddigital
2020-08-20,sddigital
2020-08-20,sddigital
2020-08-20,bandcamp
2020-08-20,sddigital
2020-08-24,sddigital
2020-08-24,sddigital
2020-08-24,sddigital
2020-08-24,sddigital
2020-08-24,sddigital
2020-08-24,sddigital
2020-08-24,sddigital
2020-08-24,sddigital
2020-08-24,sddigital
2020-08-24,sddigital
2020-08-24,sddigital
2020-08-24,sddigital
2020-08-25,sddigital
2020-08-25,sddigital
2020-08-25,sddigital
2020-08-25,sddigital
2020-08-25,sddigital
2020-08-25,sddigital
2020-08-25,sddigital
2020-08-25,sddigital
2020-08-25,sddigital
2020-08-25,sddigital
2020-08-25,sddigital
2020-08-25,sddigital
2020-08-25,sddigital
2020-08-25,sddigital
2020-08-25,sddigital
2020-08-25,sddigital
2020-08-25,sddigital
2020-08-25,sddigital
2020-08-25,sddigital
2020-08-25,sddigital
2020-08-25,sddigital
2020-08-25,sddigital
2020-08-25,sddigital
2020-08-25,sddigital
2020-08-25,sddigital
2020-08-25,sddigital
2020-08-25,sddigital
2020-08-25,sddigital
2020-08-25,sddigital
2020-08-25,sddigital
2020-08-25,sddigital
2020-08-25,sddigital
2020-08-25,sddigital
2020-08-25,sddigital
2020-08-25,sddigital
2020-08-25,sddigital
2020-08-25,sddigital
2020-08-25,sddigital
2020-08-25,sddigital
2020-08-25,sddigital
2020-08-25,sddigital
2020-08-25,sddigital
2020-08-25,sddigital
2020-08-25,sddigital
2020-08-25,sddigital
2020-08-25,sddigital
2020-08-25,sddigital
2020-08-25,sddigital
2020-08-25,sddigital
2020-08-25,sddigital
2020-08-25,sddigital
2020-08-25,sddigital
2020-08-25,sddigital
2020-08-25,sddigital
2020-08-25,sddigital
2020-08-25,sddigital
2020-08-25,sddigital
2020-08-25,sddigital
2020-08-25,sddigital
2020-08-25,sddigital
2020-08-25,sddigital
2020-08-25,sddigital
2020-08-25,sddigital
2020-08-25,sddigital
2020-08-25,sddigital
2020-08-25,sddigital
2020-08-25,sddigital
2020-08-25,sddigital
2020-08-25,sddigital
2020-08-25,sddigital
2020-08-25,sddigital
2020-08-25,sddigital
2020-08-25,sddigital
2020-08-25,sddigital
2020-08-25,sddigital
2020-08-25,sddigital
2020-08-25,sddigital
2020-08-25,sddigital
2020-08-25,sddigital
2020-08-25,sddigital
2020-08-25,sddigital
2020-08-25,sddigital
2020-08-25,sddigital
2020-08-25,sddigital
2020-08-26,sddigital
2020-08-26,sddigital
2020-08-26,sddigital
2020-08-26,sddigital
2020-08-26,sddigital
2020-08-26,sddigital
2020-08-26,sddigital
2020-08-26,sddigital
2020-08-26,sddigital
2020-08-26,sddigital
2020-08-26,sddigital
2020-08-26,sddigital
2020-08-26,sddigital
2020-08-26,sddigital
2020-08-26,sddigital
2020-08-26,sddigital
2020-08-26,sddigital
2020-08-26,sddigital
2020-08-26,sddigital
2020-08-26,sddigital
2020-08-26,sddigital
2020-08-26,sddigital
2020-08-26,sddigital
2020-08-26,sddigital
2020-08-26,sddigital
2020-08-26,sddigital
2020-08-26,sddigital
2020-08-26,sddigital
2020-08-26,sddigital
2020-08-26,sddigital
2020-08-26,sddigital
2020-08-26,sddigital
2020-08-26,sddigital
2020-08-26,sddigital
2020-08-26,sddigital
2020-08-26,sddigital
2020-08-26,sddigital
2020-08-26,sddigital
2020-08-26,sddigital
2020-08-26,sddigital
2020-08-26,sddigital
2020-08-26,sddigital
2020-08-26,sddigital
2020-08-26,sddigital
2020-08-26,sddigital
2020-08-26,sddigital
2020-08-26,sddigital
2020-08-26,sddigital
2020-08-26,sddigital
2020-08-26,sddigital
2020-08-26,sddigital
2020-08-26,sddigital
2020-08-26,sddigital
2020-08-26,sddigital
2020-08-26,sddigital
2020-08-26,sddigital
2020-08-26,sddigital
2020-08-26,sddigital
2020-08-26,sddigital
2020-08-26,sddigital
2020-08-26,sddigital
2020-08-26,sddigital
2020-08-26,sddigital
2020-08-26,sddigital
2020-08-26,sddigital
2020-08-26,sddigital
2020-08-26,sddigital
2020-08-26,sddigital
2020-08-26,sddigital
2020-08-26,sddigital
2020-08-26,sddigital
2020-08-26,sddigital
2020-08-26,sddigital
2020-08-26,sddigital
2020-08-26,sddigital
2020-08-26,sddigital
2020-08-26,sddigital
2020-08-26,sddigital
2020-08-26,sddigital
2020-08-26,sddigital
2020-08-26,sddigital
2020-08-26,sddigital
2020-08-26,sddigital
2020-08-26,sddigital
2020-08-26,sddigital
2020-08-26,sddigital
2020-08-26,sddigital
2020-08-26,sddigital
2020-08-26,sddigital
2020-08-26,sddigital
2020-08-26,sddigital
2020-08-26,sddigital
2020-08-26,sddigital
2020-08-26,sddigital
2020-08-26,sddigital
2020-08-26,sddigital
2020-08-26,sddigital
2020-08-26,sddigital
2020-08-26,sddigital
2020-08-26,sddigital
2020-08-26,sddigital
2020-08-26,sddigital
2020-08-26,sddigital
2020-08-26,sddigital
2020-08-26,sddigital
2020-08-26,sddigital
2020-08-26,sddigital
2020-08-26,sddigital
2020-08-26,sddigital
2020-08-26,sddigital
2020-08-26,sddigital
2020-08-26,sddigital
2020-08-26,sddigital
2020-08-26,sddigital
2020-08-26,sddigital
2020-08-26,sddigital
2020-08-26,sddigital
2020-08-26,sddigital
2020-08-26,sddigital
2020-08-26,sddigital
2020-08-26,sddigital
2020-08-26,sddigital
2020-08-26,sddigital
2020-08-26,sddigital
2020-08-26,sddigital
2020-08-26,sddigital
2020-08-26,sddigital
2020-08-28,sddigital
2020-08-28,sddigital
2020-08-30,bandcamp
2020-09-01,sds
2020-09-01,sds
2020-09-01,sds
2020-09-01,sds
2020-09-01,sds
2020-09-01,sds
2020-09-01,sds
2020-09-01,sds
2020-09-01,sds
2020-09-04,bandcamp
2020-09-04,bandcamp
2020-09-04,bandcamp
2020-09-04,bandcamp
2020-09-04,bandcamp
2020-09-04,bandcamp
2020-09-04,bandcamp
2020-09-04,bandcamp
2020-09-04,bandcamp
2020-09-04,bandcamp
2020-09-04,bandcamp
2020-09-04,bandcamp
2020-09-05,bandcamp
2020-09-05,bandcamp
2020-09-05,bandcamp
2020-09-05,bandcamp
2020-09-05,bandcamp
2020-09-05,bandcamp
2020-09-05,bandcamp
2020-09-05,bandcamp
2020-09-05,bandcamp
2020-09-05,bandcamp
2020-09-05,bandcamp
2020-09-05,bandcamp
2020-09-05,bandcamp
2020-09-05,bandcamp
2020-09-05,bandcamp
2020-09-05,bandcamp
2020-09-05,bandcamp
2020-09-05,bandcamp
2020-09-05,bandcamp
2020-09-05,bandcamp
2020-09-05,bandcamp
2020-09-11,bandcamp
2020-09-12,bandcamp
2020-09-14,bandcamp
2020-09-15,sddigital
2020-09-15,sddigital
2020-09-16,sddigital
2020-09-16,sddigital
2020-09-16,sddigital
2020-09-16,sddigital
2020-09-16,sddigital
2020-09-16,sddigital
2020-09-16,sddigital
2020-09-16,sddigital
2020-09-16,sddigital
2020-09-16,sddigital
2020-09-16,sddigital
2020-09-16,sddigital
2020-09-16,sddigital
2020-09-16,sddigital
2020-09-16,sddigital
2020-09-16,sddigital
2020-09-16,sddigital
2020-09-16,sddigital
2020-09-16,sddigital
2020-09-16,sddigital
2020-09-17,bandcamp
2020-09-18,sddigital
2020-09-18,sddigital
2020-09-18,sddigital
2020-09-18,sddigital
2020-09-18,sddigital
2020-09-18,sddigital
2020-09-21,sddigital
2020-09-21,sddigital
2020-09-22,sddigital
2020-09-22,sddigital
2020-09-22,sddigital
2020-09-22,sddigital
2020-09-22,sddigital
2020-09-22,sddigital
2020-09-22,sddigital
2020-09-22,sddigital
2020-09-22,sddigital
2020-09-22,sddigital
2020-09-23,bandcamp
2020-09-24,sddigital
2020-09-24,sddigital
2020-09-24,sddigital
2020-09-24,sddigital
2020-09-24,sddigital
2020-09-24,sddigital
2020-09-24,sddigital
2020-09-24,sddigital
2020-09-24,sddigital
2020-09-24,sddigital
2020-09-24,sddigital
2020-09-24,sddigital
2020-09-24,sddigital
2020-09-24,sddigital
2020-09-24,sddigital
2020-09-24,sddigital
2020-09-24,sddigital
2020-09-24,sddigital
2020-09-24,sddigital
2020-09-24,sddigital
2020-09-24,sddigital
2020-09-24,sddigital
2020-09-24,sddigital
2020-09-24,sddigital
2020-09-24,sddigital
2020-09-24,sddigital
2020-09-24,sddigital
2020-09-24,sddigital
2020-09-24,sddigital
2020-09-24,sddigital
2020-09-24,sddigital
2020-09-24,sddigital
2020-09-24,sddigital
2020-09-24,sddigital
2020-09-24,sddigital
2020-09-24,sddigital
2020-09-24,sddigital
2020-09-24,sddigital
2020-09-24,sddigital
2020-09-24,sddigital
2020-09-24,sddigital
2020-09-24,sddigital
2020-09-24,sddigital
2020-09-24,sddigital
2020-09-24,sddigital
2020-09-24,sddigital
2020-09-24,sddigital
2020-09-24,sddigital
2020-09-24,sddigital
2020-09-24,sddigital
2020-09-24,sddigital
2020-09-24,sddigital
2020-09-24,sddigital
2020-09-24,sddigital
2020-09-24,sddigital
2020-09-24,sddigital
2020-09-24,sddigital
2020-09-24,sddigital
2020-09-24,sddigital
2020-09-24,sddigital
2020-09-24,sddigital
2020-09-24,sddigital
2020-09-24,sddigital
2020-09-24,sddigital
2020-09-24,sddigital
2020-09-24,sddigital
2020-09-24,sddigital
2020-09-24,sddigital
2020-09-24,sddigital
2020-09-24,sddigital
2020-09-24,sddigital
2020-09-24,sddigital
2020-09-24,sddigital
2020-09-24,sddigital
2020-09-24,sddigital
2020-09-24,sddigital
2020-09-24,sddigital
2020-09-24,sddigital
2020-09-24,sddigital
2020-09-24,sddigital
2020-09-24,sddigital
2020-09-24,sddigital
2020-09-24,sddigital
2020-09-24,sddigital
2020-09-24,sddigital
2020-09-24,sddigital
2020-09-24,sddigital
2020-09-24,sddigital
2020-09-24,sddigital
2020-09-24,sddigital
2020-09-24,sddigital
2020-09-24,sddigital
2020-09-24,sddigital
2020-09-24,sddigital
2020-09-24,sddigital
2020-09-24,sddigital
2020-09-24,sddigital
2020-09-24,sddigital
2020-09-24,sddigital
2020-09-24,sddigital
2020-09-25,sddigital
2020-09-25,sddigital
2020-09-25,sddigital
2020-09-25,sddigital
2020-09-25,sddigital
2020-09-25,sddigital
2020-09-25,sddigital
2020-09-25,sddigital
2020-09-25,sddigital
2020-09-25,sddigital
2020-09-25,sddigital
2020-09-25,sddigital
2020-09-25,sddigital
2020-09-25,sddigital
2020-09-25,sddigital
2020-09-25,sddigital
2020-09-25,sddigital
2020-09-25,sddigital
2020-09-25,sddigital
2020-09-25,sddigital
2020-09-25,sddigital
2020-09-25,sddigital
2020-09-25,sddigital
2020-09-25,sddigital
2020-09-25,sddigital
2020-09-26,sddigital
2020-09-26,sddigital
2020-09-26,sddigital
2020-09-26,sddigital
2020-09-26,sddigital
2020-09-26,sddigital
2020-09-26,sddigital
2020-09-26,sddigital
2020-09-26,sddigital
2020-09-26,sddigital
2020-09-26,sddigital
2020-09-26,sddigital
2020-09-26,sddigital
2020-09-26,sddigital
2020-09-26,sddigital
2020-09-26,sddigital
2020-09-26,sddigital
2020-09-26,sddigital
2020-09-26,sddigital
2020-09-26,sddigital
2020-09-26,sddigital
2020-09-26,sddigital
2020-09-26,sddigital
2020-09-26,sddigital
2020-09-26,sddigital
2020-09-26,sddigital
2020-09-26,sddigital
2020-09-26,sddigital
2020-09-26,sddigital
2020-09-26,sddigital
2020-09-26,sddigital
2020-09-26,sddigital
2020-09-26,sddigital
2020-09-26,sddigital
2020-09-26,sddigital
2020-09-26,sddigital
2020-09-26,sddigital
2020-09-26,sddigital
2020-09-26,sddigital
2020-09-26,sddigital
2020-09-26,sddigital
2020-09-26,sddigital
2020-09-26,sddigital
2020-09-26,sddigital
2020-09-26,sddigital
2020-09-26,sddigital
2020-09-26,sddigital
2020-09-26,sddigital
2020-09-26,sddigital
2020-09-26,sddigital
2020-09-26,sddigital
2020-09-26,sddigital
2020-09-26,sddigital
2020-09-26,sddigital
2020-09-26,sddigital
2020-09-26,sddigital
2020-09-26,sddigital
2020-09-26,sddigital
2020-09-26,sddigital
2020-09-26,sddigital
2020-09-26,sddigital
2020-09-26,sddigital
2020-09-26,sddigital
2020-09-26,sddigital
2020-09-26,sddigital
2020-09-26,sddigital
2020-09-26,sddigital
2020-09-26,sddigital
2020-09-26,sddigital
2020-09-26,sddigital
2020-09-26,sddigital
2020-09-26,sddigital
2020-09-26,sddigital
2020-09-26,sddigital
2020-09-26,sddigital
2020-09-26,sddigital
2020-09-26,sddigital
2020-09-26,sddigital
2020-09-26,sddigital
2020-09-26,sddigital
2020-09-26,sddigital
2020-09-26,sddigital
2020-09-26,sddigital
2020-09-26,sddigital
2020-09-26,sddigital
2020-09-26,sddigital
2020-09-26,sddigital
2020-09-26,sddigital
2020-09-26,sddigital
2020-09-26,sddigital
2020-09-26,sddigital
2020-09-26,sddigital
2020-09-26,sddigital
2020-09-26,sddigital
2020-09-26,sddigital
2020-09-26,sddigital
2020-09-26,sddigital
2020-09-26,sddigital
2020-09-26,sddigital
2020-09-26,sddigital
2020-09-26,sddigital
2020-09-26,sddigital
2020-09-26,sddigital
2020-09-26,sddigital
2020-09-26,sddigital
2020-09-26,sddigital
2020-09-26,sddigital
2020-09-26,sddigital
2020-09-26,sddigital
2020-09-26,sddigital
2020-09-26,sddigital
2020-09-26,sddigital
2020-09-26,sddigital
2020-09-26,sddigital
2020-09-26,sddigital
2020-09-26,sddigital
2020-09-26,sddigital
2020-09-26,sddigital
2020-09-26,sddigital
2020-09-26,sddigital
2020-09-26,sddigital
2020-09-26,sddigital
2020-09-26,sddigital
2020-09-26,sddigital
2020-09-26,sddigital
2020-09-26,sddigital
2020-09-26,sddigital
2020-09-26,sddigital
2020-09-26,sddigital
2020-09-28,sddigital
2020-09-28,sddigital
2020-09-30,sddigital
2020-09-30,sddigital
2020-09-30,sddigital
2020-10-01,sds
2020-10-01,sds
2020-10-01,sds
2020-10-01,sds
2020-10-01,sds
2020-10-01,sds
2020-10-01,sds
2020-10-01,sds
2020-10-01,sds
2020-10-01,sds
2020-10-01,sds
2020-10-01,sds
2020-10-01,sds
2020-10-01,sds
2020-10-01,sds
2020-10-01,sds
2020-10-01,sds
2020-10-01,sds
2020-10-01,sds
2020-10-02,bandcamp
2020-10-02,bandcamp
2020-10-02,bandcamp
2020-10-02,bandcamp
2020-10-02,bandcamp
2020-10-02,bandcamp
2020-10-02,bandcamp
2020-10-02,bandcamp
2020-10-02,bandcamp
2020-10-02,bandcamp
2020-10-02,bandcamp
2020-10-02,bandcamp
2020-10-02,bandcamp
2020-10-02,bandcamp
2020-10-02,bandcamp
2020-10-02,bandcamp
2020-10-03,bandcamp
2020-10-03,bandcamp
2020-10-03,bandcamp
2020-10-03,bandcamp
2020-10-03,bandcamp
2020-10-03,bandcamp
2020-10-03,bandcamp
2020-10-07,sddigital
2020-10-07,sddigital
2020-10-07,sddigital
2020-10-09,sddigital
2020-10-09,sddigital
2020-10-09,sddigital
2020-10-09,sddigital
2020-10-09,sddigital
2020-10-09,sddigital
2020-10-09,sddigital
2020-10-09,sddigital
2020-10-09,sddigital
2020-10-09,sddigital
2020-10-09,sddigital
2020-10-09,sddigital
2020-10-09,sddigital
2020-10-09,sddigital
2020-10-09,sddigital
2020-10-09,sddigital
2020-10-09,sddigital
2020-10-09,sddigital
2020-10-09,sddigital
2020-10-09,sddigital
2020-10-09,sddigital
2020-10-09,sddigital
2020-10-09,sddigital
2020-10-09,sddigital
2020-10-09,sddigital
2020-10-09,sddigital
2020-10-09,sddigital
2020-10-09,sddigital
2020-10-09,sddigital
2020-10-09,sddigital
2020-10-09,sddigital
2020-10-09,sddigital
2020-10-09,sddigital
2020-10-09,sddigital
2020-10-09,sddigital
2020-10-09,sddigital
2020-10-09,sddigital
2020-10-09,sddigital
2020-10-09,sddigital
2020-10-09,sddigital
2020-10-09,sddigital
2020-10-09,sddigital
2020-10-09,sddigital
2020-10-09,sddigital
2020-10-09,sddigital
2020-10-09,sddigital
2020-10-09,sddigital
2020-10-09,sddigital
2020-10-09,sddigital
2020-10-09,sddigital
2020-10-09,sddigital
2020-10-09,sddigital
2020-10-09,sddigital
2020-10-09,sddigital
2020-10-09,sddigital
2020-10-09,sddigital
2020-10-09,sddigital
2020-10-09,sddigital
2020-10-09,sddigital
2020-10-09,sddigital
2020-10-09,sddigital
2020-10-09,sddigital
2020-10-09,sddigital
2020-10-09,sddigital
2020-10-09,sddigital
2020-10-09,sddigital
2020-10-09,sddigital
2020-10-09,sddigital
2020-10-09,sddigital
2020-10-09,sddigital
2020-10-15,sddigital
2020-10-15,sddigital
2020-10-16,sddigital
2020-10-16,sddigital
2020-10-16,sddigital
2020-10-16,sddigital
2020-10-16,sddigital
2020-10-16,sddigital
2020-10-16,sddigital
2020-10-16,sddigital
2020-10-16,sddigital
2020-10-16,sddigital
2020-10-16,sddigital
2020-10-16,sddigital
2020-10-16,sddigital
2020-10-16,sddigital
2020-10-16,sddigital
2020-10-16,sddigital
2020-10-16,sddigital
2020-10-16,sddigital
2020-10-16,sddigital
2020-10-16,sddigital
2020-10-16,sddigital
2020-10-21,sddigital
2020-10-21,sddigital
2020-10-21,bandcamp
2020-10-21,sddigital
2020-10-21,sddigital
2020-10-21,sddigital
2020-10-21,sddigital
2020-10-21,sddigital
2020-10-21,sddigital
2020-10-21,sddigital
2020-10-22,sddigital
2020-10-22,sddigital
2020-10-22,sddigital
2020-10-22,sddigital
2020-10-22,sddigital
2020-10-22,sddigital
2020-10-22,sddigital
2020-10-22,sddigital
2020-10-22,sddigital
2020-10-22,sddigital
2020-10-22,sddigital
2020-10-22,sddigital
2020-10-22,sddigital
2020-10-22,sddigital
2020-10-22,sddigital
2020-10-22,sddigital
2020-10-22,sddigital
2020-10-22,sddigital
2020-10-22,sddigital
2020-10-22,sddigital
2020-10-22,sddigital
2020-10-22,sddigital
2020-10-22,sddigital
2020-10-22,sddigital
2020-10-22,sddigital
2020-10-22,sddigital
2020-10-22,sddigital
2020-10-22,sddigital
2020-10-22,sddigital
2020-10-22,sddigital
2020-10-22,sddigital
2020-10-22,sddigital
2020-10-22,sddigital
2020-10-22,sddigital
2020-10-22,sddigital
2020-10-22,sddigital
2020-10-22,sddigital
2020-10-22,sddigital
2020-10-22,sddigital
2020-10-22,sddigital
2020-10-22,sddigital
2020-10-22,sddigital
2020-10-22,sddigital
2020-10-22,sddigital
2020-10-22,sddigital
2020-10-22,sddigital
2020-10-22,sddigital
2020-10-22,sddigital
2020-10-22,sddigital
2020-10-22,sddigital
2020-10-22,sddigital
2020-10-22,sddigital
2020-10-22,sddigital
2020-10-22,sddigital
2020-10-22,sddigital
2020-10-22,sddigital
2020-10-22,sddigital
2020-10-22,sddigital
2020-10-22,sddigital
2020-10-22,sddigital
2020-10-22,sddigital
2020-10-22,sddigital
2020-10-22,sddigital
2020-10-22,sddigital
2020-10-22,sddigital
2020-10-22,sddigital
2020-10-22,sddigital
2020-10-22,sddigital
2020-10-22,sddigital
2020-10-22,sddigital
2020-10-22,sddigital
2020-10-22,sddigital
2020-10-22,sddigital
2020-10-22,sddigital
2020-10-22,sddigital
2020-10-22,sddigital
2020-10-22,sddigital
2020-10-22,sddigital
2020-10-22,sddigital
2020-10-22,sddigital
2020-10-22,sddigital
2020-10-22,sddigital
2020-10-22,sddigital
2020-10-22,sddigital
2020-10-22,sddigital
2020-10-22,sddigital
2020-10-22,sddigital
2020-10-22,sddigital
2020-10-22,sddigital
2020-10-22,sddigital
2020-10-22,sddigital
2020-10-22,sddigital
2020-10-22,sddigital
2020-10-22,sddigital
2020-10-22,sddigital
2020-10-22,sddigital
2020-10-22,sddigital
2020-10-22,sddigital
2020-10-22,sddigital
2020-10-23,sddigital
2020-10-23,sddigital
2020-10-23,sddigital
2020-10-23,sddigital
2020-10-23,sddigital
2020-10-23,sddigital
2020-10-23,sddigital
2020-10-23,sddigital
2020-10-23,sddigital
2020-10-23,sddigital
2020-10-23,sddigital
2020-10-23,sddigital
2020-10-23,sddigital
2020-10-23,sddigital
2020-10-23,sddigital
2020-10-23,sddigital
2020-10-23,sddigital
2020-10-23,sddigital
2020-10-23,sddigital
2020-10-23,sddigital
2020-10-23,sddigital
2020-10-23,sddigital
2020-10-23,sddigital
2020-10-23,sddigital
2020-10-23,sddigital
2020-10-23,sddigital
2020-10-23,sddigital
2020-10-23,sddigital
2020-10-23,sddigital
2020-10-23,sddigital
2020-10-23,sddigital
2020-10-23,sddigital
2020-10-23,sddigital
2020-10-24,sddigital
2020-10-24,sddigital
2020-10-24,sddigital
2020-10-24,sddigital
2020-10-24,sddigital
2020-10-24,sddigital
2020-10-24,sddigital
2020-10-24,sddigital
2020-10-24,sddigital
2020-10-24,sddigital
2020-10-24,sddigital
2020-10-24,sddigital
2020-10-24,sddigital
2020-10-24,sddigital
2020-10-24,sddigital
2020-10-24,sddigital
2020-10-24,sddigital
2020-10-24,sddigital
2020-10-24,sddigital
2020-10-24,sddigital
2020-10-24,sddigital
2020-10-24,sddigital
2020-10-24,sddigital
2020-10-24,sddigital
2020-10-24,sddigital
2020-10-24,sddigital
2020-10-24,sddigital
2020-10-24,sddigital
2020-10-24,sddigital
2020-10-24,sddigital
2020-10-24,sddigital
2020-10-24,sddigital
2020-10-24,sddigital
2020-10-24,sddigital
2020-10-24,sddigital
2020-10-24,sddigital
2020-10-24,sddigital
2020-10-24,sddigital
2020-10-24,sddigital
2020-10-24,sddigital
2020-10-24,sddigital
2020-10-24,sddigital
2020-10-24,sddigital
2020-10-24,sddigital
2020-10-24,sddigital
2020-10-24,sddigital
2020-10-24,sddigital
2020-10-24,sddigital
2020-10-24,sddigital
2020-10-24,sddigital
2020-10-24,sddigital
2020-10-24,sddigital
2020-10-24,sddigital
2020-10-24,sddigital
2020-10-24,sddigital
2020-10-24,sddigital
2020-10-24,sddigital
2020-10-24,sddigital
2020-10-24,sddigital
2020-10-24,sddigital
2020-10-24,sddigital
2020-10-24,sddigital
2020-10-24,sddigital
2020-10-24,sddigital
2020-10-24,sddigital
2020-10-24,sddigital
2020-10-24,sddigital
2020-10-24,sddigital
2020-10-24,sddigital
2020-10-24,sddigital
2020-10-24,sddigital
2020-10-24,sddigital
2020-10-25,bandcamp
2020-10-27,sddigital
2020-10-27,sddigital
2020-10-27,sddigital
2020-10-27,sddigital
2020-10-27,sddigital
2020-10-27,sddigital
2020-10-27,sddigital
2020-10-27,sddigital
2020-10-27,sddigital
2020-10-27,sddigital
2020-10-27,sddigital
2020-10-27,sddigital
2020-10-27,sddigital
2020-10-28,sddigital
2020-10-28,sddigital
2020-10-29,sddigital
2020-10-29,sddigital
2020-10-29,sddigital
2020-10-29,sddigital
2020-10-29,sddigital
2020-10-29,sddigital
2020-10-30,sddigital
2020-10-30,sddigital
2020-10-30,sddigital
2020-10-30,sddigital
2020-10-30,sddigital
2020-10-30,sddigital
2020-10-30,sddigital
2020-10-30,sddigital
2020-10-30,sddigital
2020-10-30,sddigital
2020-10-30,sddigital
2020-10-30,sddigital
2020-10-30,bandcamp
2020-10-30,sddigital
2020-11-01,sds
2020-11-01,sds
2020-11-01,sds
2020-11-01,sds
2020-11-01,sds
2020-11-01,sds
2020-11-01,sds
2020-11-01,sds
2020-11-01,sds
2020-11-01,sds
2020-11-05,sddigital
2020-11-06,bandcamp
2020-11-06,bandcamp
2020-11-06,bandcamp
2020-11-06,bandcamp
2020-11-06,bandcamp
2020-11-06,bandcamp
2020-11-06,bandcamp
2020-11-06,bandcamp
2020-11-06,bandcamp
2020-11-06,bandcamp
2020-11-06,bandcamp
2020-11-06,bandcamp
2020-11-06,bandcamp
2020-11-06,sddigital
2020-11-07,bandcamp
2020-11-07,bandcamp
2020-11-07,bandcamp
2020-11-07,bandcamp
2020-11-07,bandcamp
2020-11-07,bandcamp
2020-11-07,bandcamp
2020-11-07,bandcamp
2020-11-07,bandcamp
2020-11-07,bandcamp
2020-11-07,bandcamp
2020-11-07,bandcamp
2020-11-10,sddigital
2020-11-10,sddigital
2020-11-10,sddigital
2020-11-10,sddigital
2020-11-10,sddigital
2020-11-10,sddigital
2020-11-10,sddigital
2020-11-10,sddigital
2020-11-10,sddigital
2020-11-10,sddigital
2020-11-10,sddigital
2020-11-10,sddigital
2020-11-11,bandcamp
2020-11-16,sddigital
2020-11-16,sddigital
2020-11-16,sddigital
2020-11-16,sddigital
2020-11-16,sddigital
2020-11-16,sddigital
2020-11-16,sddigital
2020-11-16,sddigital
2020-11-16,sddigital
2020-11-16,sddigital
2020-11-16,sddigital
2020-11-16,sddigital
2020-11-16,sddigital
2020-11-16,sddigital
2020-11-16,sddigital
2020-11-16,sddigital
2020-11-16,sddigital
2020-11-16,sddigital
2020-11-16,sddigital
2020-11-16,sddigital
2020-11-16,sddigital
2020-11-16,sddigital
2020-11-16,sddigital
2020-11-16,sddigital
2020-11-16,sddigital
2020-11-16,sddigital
2020-11-16,sddigital
2020-11-16,sddigital
2020-11-16,sddigital
2020-11-16,sddigital
2020-11-16,sddigital
2020-11-16,sddigital
2020-11-16,sddigital
2020-11-16,sddigital
2020-11-16,sddigital
2020-11-16,sddigital
2020-11-16,sddigital
2020-11-16,sddigital
2020-11-16,sddigital
2020-11-16,sddigital
2020-11-16,sddigital
2020-11-16,sddigital
2020-11-16,sddigital
2020-11-16,sddigital
2020-11-16,sddigital
2020-11-16,sddigital
2020-11-16,sddigital
2020-11-16,sddigital
2020-11-16,sddigital
2020-11-16,sddigital
2020-11-16,sddigital
2020-11-16,sddigital
2020-11-16,sddigital
2020-11-16,sddigital
2020-11-16,sddigital
2020-11-16,sddigital
2020-11-16,sddigital
2020-11-16,sddigital
2020-11-16,sddigital
2020-11-16,sddigital
2020-11-16,sddigital
2020-11-16,sddigital
2020-11-16,sddigital
2020-11-16,sddigital
2020-11-16,sddigital
2020-11-16,sddigital
2020-11-16,sddigital
2020-11-16,sddigital
2020-11-16,sddigital
2020-11-16,sddigital
2020-11-16,sddigital
2020-11-16,sddigital
2020-11-16,sddigital
2020-11-16,sddigital
2020-11-16,sddigital
2020-11-16,sddigital
2020-11-16,sddigital
2020-11-16,sddigital
2020-11-16,sddigital
2020-11-16,sddigital
2020-11-16,sddigital
2020-11-16,sddigital
2020-11-16,sddigital
2020-11-16,sddigital
2020-11-16,sddigital
2020-11-16,sddigital
2020-11-16,sddigital
2020-11-18,sddigital
2020-11-18,sddigital
2020-11-18,sddigital
2020-11-18,sddigital
2020-11-18,sddigital
2020-11-18,sddigital
2020-11-18,sddigital
2020-11-18,sddigital
2020-11-18,sddigital
2020-11-18,sddigital
2020-11-18,sddigital
2020-11-18,sddigital
2020-11-18,sddigital
2020-11-18,sddigital
2020-11-18,sddigital
2020-11-18,sddigital
2020-11-18,sddigital
2020-11-18,sddigital
2020-11-18,bandcamp
2020-11-18,sddigital
2020-11-18,sddigital
2020-11-18,sddigital
2020-11-18,sddigital
2020-11-18,sddigital
2020-11-18,sddigital
2020-11-18,sddigital
2020-11-18,sddigital
2020-11-18,sddigital
2020-11-18,sddigital
2020-11-18,sddigital
2020-11-18,sddigital
2020-11-18,sddigital
2020-11-18,sddigital
2020-11-18,sddigital
2020-11-18,sddigital
2020-11-18,sddigital
2020-11-18,sddigital
2020-11-18,sddigital
2020-11-18,sddigital
2020-11-18,sddigital
2020-11-18,sddigital
2020-11-18,sddigital
2020-11-18,sddigital
2020-11-18,sddigital
2020-11-18,sddigital
2020-11-18,sddigital
2020-11-18,sddigital
2020-11-18,sddigital
2020-11-18,sddigital
2020-11-18,sddigital
2020-11-18,sddigital
2020-11-18,sddigital
2020-11-18,sddigital
2020-11-18,sddigital
2020-11-18,sddigital
2020-11-18,sddigital
2020-11-18,sddigital
2020-11-18,sddigital
2020-11-18,sddigital
2020-11-18,sddigital
2020-11-18,sddigital
2020-11-18,sddigital
2020-11-18,sddigital
2020-11-18,sddigital
2020-11-18,sddigital
2020-11-18,sddigital
2020-11-18,sddigital
2020-11-18,sddigital
2020-11-18,sddigital
2020-11-18,sddigital
2020-11-18,sddigital
2020-11-18,sddigital
2020-11-18,sddigital
2020-11-18,sddigital
2020-11-18,sddigital
2020-11-18,sddigital
2020-11-18,sddigital
2020-11-18,sddigital
2020-11-18,sddigital
2020-11-18,sddigital
2020-11-18,sddigital
2020-11-18,sddigital
2020-11-18,sddigital
2020-11-18,sddigital
2020-11-18,sddigital
2020-11-18,sddigital
2020-11-18,sddigital
2020-11-18,sddigital
2020-11-18,sddigital
2020-11-18,sddigital
2020-11-18,sddigital
2020-11-19,sddigital
2020-11-19,sddigital
2020-11-19,sddigital
2020-11-20,sddigital
2020-11-20,sddigital
2020-11-20,sddigital
2020-11-20,sddigital
2020-11-20,sddigital
2020-11-20,sddigital
2020-11-20,sddigital
2020-11-20,sddigital
2020-11-20,sddigital
2020-11-20,sddigital
2020-11-20,sddigital
2020-11-20,sddigital
2020-11-20,sddigital
2020-11-20,sddigital
2020-11-20,sddigital
2020-11-20,sddigital
2020-11-20,sddigital
2020-11-20,sddigital
2020-11-20,sddigital
2020-11-20,sddigital
2020-11-20,sddigital
2020-11-20,sddigital
2020-11-20,sddigital
2020-11-20,sddigital
2020-11-20,sddigital
2020-11-20,sddigital
2020-11-20,sddigital
2020-11-20,sddigital
2020-11-20,sddigital
2020-11-20,sddigital
2020-11-20,sddigital
2020-11-20,sddigital
2020-11-20,sddigital
2020-11-20,sddigital
2020-11-20,sddigital
2020-11-20,sddigital
2020-11-21,sddigital
2020-11-21,sddigital
2020-11-21,sddigital
2020-11-21,sddigital
2020-11-21,sddigital
2020-11-21,sddigital
2020-11-21,sddigital
2020-11-21,sddigital
2020-11-21,sddigital
2020-11-21,sddigital
2020-11-21,sddigital
2020-11-21,sddigital
2020-11-21,sddigital
2020-11-21,sddigital
2020-11-21,sddigital
2020-11-21,sddigital
2020-11-21,sddigital
2020-11-21,sddigital
2020-11-21,sddigital
2020-11-21,sddigital
2020-11-21,sddigital
2020-11-21,sddigital
2020-11-21,sddigital
2020-11-21,sddigital
2020-11-21,sddigital
2020-11-21,sddigital
2020-11-21,sddigital
2020-11-21,sddigital
2020-11-21,sddigital
2020-11-21,sddigital
2020-11-21,sddigital
2020-11-21,sddigital
2020-11-21,sddigital
2020-11-21,sddigital
2020-11-21,sddigital
2020-11-21,sddigital
2020-11-21,sddigital
2020-11-21,sddigital
2020-11-21,sddigital
2020-11-21,sddigital
2020-11-21,sddigital
2020-11-21,sddigital
2020-11-21,sddigital
2020-11-21,sddigital
2020-11-21,sddigital
2020-11-21,sddigital
2020-11-21,sddigital
2020-11-21,sddigital
2020-11-21,sddigital
2020-11-21,sddigital
2020-11-21,sddigital
2020-11-21,sddigital
2020-11-21,sddigital
2020-11-21,sddigital
2020-11-21,sddigital
2020-11-21,sddigital
2020-11-21,sddigital
2020-11-21,sddigital
2020-11-21,sddigital
2020-11-24,sddigital
2020-11-24,sddigital
2020-11-25,sddigital
2020-11-25,sddigital
2020-11-25,sddigital
2020-11-25,sddigital
2020-11-25,sddigital
2020-12-01,sds
2020-12-01,sds
2020-12-01,sds
2020-12-01,sds
2020-12-01,sds
2020-12-01,sds
2020-12-01,sds
2020-12-01,sds
2020-12-01,sds
2020-12-01,sds
2020-12-01,sds
2020-12-01,sds
2020-12-01,sds
2020-12-01,sds
2020-12-04,bandcamp
2020-12-04,bandcamp
2020-12-04,bandcamp
2020-12-04,bandcamp
2020-12-04,bandcamp
2020-12-04,bandcamp
2020-12-04,bandcamp
2020-12-04,bandcamp
2020-12-04,bandcamp
2020-12-04,bandcamp
2020-12-04,bandcamp
2020-12-04,bandcamp
2020-12-04,bandcamp
2020-12-04,bandcamp
2020-12-04,bandcamp
2020-12-04,bandcamp
2020-12-04,bandcamp
2020-12-04,bandcamp
2020-12-04,bandcamp
2020-12-04,bandcamp
2020-12-04,bandcamp
2020-12-04,bandcamp
2020-12-04,bandcamp
2020-12-04,bandcamp
2020-12-04,bandcamp
2020-12-04,bandcamp
2020-12-04,bandcamp
2020-12-04,bandcamp
2020-12-04,bandcamp
2020-12-04,bandcamp
2020-12-04,bandcamp
2020-12-04,bandcamp
2020-12-05,bandcamp
2020-12-05,bandcamp
2020-12-05,bandcamp
2020-12-05,bandcamp
2020-12-05,bandcamp
2020-12-05,bandcamp
2020-12-05,bandcamp
2020-12-05,bandcamp
2020-12-05,bandcamp
2020-12-05,bandcamp
2020-12-05,bandcamp
2020-12-05,bandcamp
2020-12-07,bandcamp
2020-12-13,bandcamp
2020-12-14,bandcamp
2020-12-17,sddigital
2020-12-18,sddigital
2020-12-18,sddigital
2020-12-18,sddigital
2020-12-18,sddigital
2020-12-18,sddigital
2020-12-18,sddigital
2020-12-18,sddigital
2020-12-18,sddigital
2020-12-18,sddigital
2020-12-18,sddigital
2020-12-18,sddigital
2020-12-18,sddigital
2020-12-18,sddigital
2020-12-18,sddigital
2020-12-18,sddigital
2020-12-18,sddigital
2020-12-18,sddigital
2020-12-18,sddigital
2020-12-18,sddigital
2020-12-18,sddigital
2020-12-18,sddigital
2020-12-18,sddigital
2020-12-18,sddigital
2020-12-18,sddigital
2020-12-18,sddigital
2020-12-18,sddigital
2020-12-18,sddigital
2020-12-18,sddigital
2020-12-18,sddigital
2020-12-18,sddigital
2020-12-18,sddigital
2020-12-18,sddigital
2020-12-18,sddigital
2020-12-18,sddigital
2020-12-18,sddigital
2020-12-18,sddigital
2020-12-18,sddigital
2020-12-18,sddigital
2020-12-18,sddigital
2020-12-18,sddigital
2020-12-18,sddigital
2020-12-18,sddigital
2020-12-18,sddigital
2020-12-18,sddigital
2020-12-18,sddigital
2020-12-18,sddigital
2020-12-18,sddigital
2020-12-18,sddigital
2020-12-18,sddigital
2020-12-18,sddigital
2020-12-18,sddigital
2020-12-18,sddigital
2020-12-18,sddigital
2020-12-18,sddigital
2020-12-18,sddigital
2020-12-18,sddigital
2020-12-18,sddigital
2020-12-18,sddigital
2020-12-18,sddigital
2020-12-18,sddigital
2020-12-18,sddigital
2020-12-18,sddigital
2020-12-18,sddigital
2020-12-18,sddigital
2020-12-18,sddigital
2020-12-18,sddigital
2020-12-18,sddigital
2020-12-18,sddigital
2020-12-18,sddigital
2020-12-18,sddigital
2020-12-18,sddigital
2020-12-18,sddigital
2020-12-18,sddigital
2020-12-18,sddigital
2020-12-18,sddigital
2020-12-18,sddigital
2020-12-18,sddigital
2020-12-18,sddigital
2020-12-18,sddigital
2020-12-18,sddigital
2020-12-18,sddigital
2020-12-18,sddigital
2020-12-18,sddigital
2020-12-18,sddigital
2020-12-18,sddigital
2020-12-18,sddigital
2020-12-18,sddigital
2020-12-18,sddigital
2020-12-18,sddigital
2020-12-18,sddigital
2020-12-18,sddigital
2020-12-21,sddigital
2020-12-23,bandcamp
2020-12-23,sddigital
2020-12-23,sddigital
2020-12-23,sddigital
2020-12-23,sddigital
2020-12-23,sddigital
2020-12-23,sddigital
2020-12-23,sddigital
2020-12-23,sddigital
2020-12-23,sddigital
2020-12-23,sddigital
2020-12-23,sddigital
2020-12-23,sddigital
2020-12-23,sddigital
2020-12-23,sddigital
2020-12-23,sddigital
2020-12-23,sddigital
2020-12-23,sddigital
2020-12-23,sddigital
2020-12-23,sddigital
2020-12-23,sddigital
2020-12-23,sddigital
2020-12-23,sddigital
2020-12-23,sddigital
2020-12-23,sddigital
2020-12-23,sddigital
2020-12-23,sddigital
2020-12-23,sddigital
2020-12-23,sddigital
2020-12-23,sddigital
2020-12-23,sddigital
2020-12-23,sddigital
2020-12-23,sddigital
2020-12-23,sddigital
2020-12-23,sddigital
2020-12-23,sddigital
2020-12-23,sddigital
2020-12-23,sddigital
2020-12-23,sddigital
2020-12-23,sddigital
2020-12-23,sddigital
2020-12-23,sddigital
2020-12-23,sddigital
2020-12-23,sddigital
2020-12-23,sddigital
2020-12-23,sddigital
2020-12-23,sddigital
2020-12-23,sddigital
2020-12-23,sddigital
2020-12-23,sddigital
2020-12-23,sddigital
2020-12-23,sddigital
2020-12-23,sddigital
2020-12-23,sddigital
2020-12-23,sddigital
2020-12-23,sddigital
2020-12-23,sddigital
2020-12-23,sddigital
2020-12-23,sddigital
2020-12-23,sddigital
2020-12-23,sddigital
2020-12-23,sddigital
2020-12-23,sddigital
2020-12-23,sddigital
2020-12-23,sddigital
2020-12-23,sddigital
2020-12-23,sddigital
2020-12-23,sddigital
2020-12-23,sddigital
2020-12-23,sddigital
2020-12-23,sddigital
2020-12-23,sddigital
2020-12-23,sddigital
2020-12-23,sddigital
2020-12-23,sddigital
2020-12-23,sddigital
2020-12-23,sddigital
2020-12-23,sddigital
2020-12-23,sddigital
2020-12-23,sddigital
2020-12-23,sddigital
2020-12-23,sddigital
2020-12-23,sddigital
2020-12-24,sddigital
2020-12-24,sddigital
2020-12-24,sddigital
2020-12-24,sddigital
2020-12-24,sddigital
2020-12-24,sddigital
2020-12-24,sddigital
2020-12-24,sddigital
2020-12-24,sddigital
2020-12-24,sddigital
2020-12-24,sddigital
2020-12-24,sddigital
2020-12-24,sddigital
2020-12-24,sddigital
2020-12-24,sddigital
2020-12-24,sddigital
2020-12-24,sddigital
2020-12-24,sddigital
2020-12-24,sddigital
2020-12-24,sddigital
2020-12-24,sddigital
2020-12-24,sddigital
2020-12-24,sddigital
2020-12-24,sddigital
2020-12-24,sddigital
2020-12-24,sddigital
2020-12-24,sddigital
2020-12-24,sddigital
2020-12-24,sddigital
2020-12-24,sddigital
2020-12-24,sddigital
2020-12-24,sddigital
2020-12-24,sddigital
2020-12-24,sddigital
2020-12-24,sddigital
2020-12-24,sddigital
2020-12-24,sddigital
2020-12-24,sddigital
2020-12-24,sddigital
2020-12-24,sddigital
2020-12-24,sddigital
2020-12-24,sddigital
2020-12-24,sddigital
2020-12-24,sddigital
2020-12-24,sddigital
2020-12-24,sddigital
2020-12-24,sddigital
2020-12-24,sddigital
2020-12-24,sddigital
2020-12-24,sddigital
2020-12-24,sddigital
2020-12-24,sddigital
2020-12-24,sddigital
2020-12-24,sddigital
2020-12-24,sddigital
2020-12-24,sddigital
2020-12-24,sddigital
2020-12-24,sddigital
2020-12-24,sddigital
2020-12-24,sddigital
2020-12-24,sddigital
2020-12-24,sddigital
2020-12-24,sddigital
2020-12-24,sddigital
2020-12-24,sddigital
2020-12-25,bandcamp
2020-12-28,sddigital
2020-12-28,sddigital
2020-12-28,sddigital
2020-12-28,sddigital
2020-12-28,sddigital
2020-12-28,sddigital
2020-12-28,sddigital
