date,distributor,Catalog Number,Catalog Name,Version Number,Track Name,Quantity,Net,Customer,City,Region,Country,Type,Medium
2020-01-01,sds,SS-038,Agrim Agadez,SS-038digi,C'est La Vie,1,0.001734400000000000,Tencent,,,China,track,digital
2020-01-01,sds,SS-038,Agrim Agadez,SS-038digi,C'est La Vie,1,0.000212790000000000,iTunes iCloud,,,Austria,track,digital
2020-01-03,sdphysical,SS-038,Agrim Agadez,SS-038lp,,1,0.805840078000000000,F.A.B. Distribution - Consignment,,,CA,album,physical
2020-01-06,sddigital,SS-038,Agrim Agadez,SS-038digi,C'est La Vie,3,0.030039350000000000,TIDAL Music AS,,,NO,track,digital
2020-01-06,sddigital,SS-038,Agrim Agadez,SS-038digi,C'est La Vie,5,0.012510740000000000,Pandora Media,,,US,track,digital
2020-01-06,sddigital,SS-038,Agrim Agadez,SS-038digi,C'est La Vie,2,0.018960390000000000,TIDAL Music AS,,,NO,track,digital
2020-01-06,sddigital,SS-038,Agrim Agadez,SS-038digi,C'est La Vie,1,0.002991560000000000,TIDAL Music AS,,,RO,track,digital
2020-01-06,sddigital,SS-038,Agrim Agadez,SS-038digi,C'est La Vie,1,0.001990140000000000,TIDAL Music AS,,,BR,track,digital
2020-01-06,sddigital,SS-038,Agrim Agadez,SS-038digi,C'est La Vie,6,0.036299750000000000,TIDAL Music AS,,,FR,track,digital
2020-01-06,sddigital,SS-038,Agrim Agadez,SS-038digi,C'est La Vie,33,0.234668840000000000,TIDAL Music AS,,,US,track,digital
2020-01-06,sddigital,SS-038,Agrim Agadez,SS-038digi,C'est La Vie,1,0.013693480000000000,TIDAL Music AS,,,AT,track,digital
2020-01-06,sddigital,SS-038,Agrim Agadez,SS-038digi,C'est La Vie,2,0.011276810000000000,TIDAL Music AS,,,LT,track,digital
2020-01-06,sddigital,SS-038,Agrim Agadez,SS-038digi,C'est La Vie,1,0.006512570000000000,TIDAL Music AS,,,HU,track,digital
2020-01-06,sddigital,SS-038,Agrim Agadez,SS-038digi,C'est La Vie,4,0.025520110000000000,TIDAL Music AS,,,CA,track,digital
2020-01-06,sddigital,SS-038,Agrim Agadez,SS-038digi,C'est La Vie,3,0.038688190000000000,TIDAL Music AS,,,GB,track,digital
2020-01-06,sddigital,SS-038,Agrim Agadez,SS-038digi,C'est La Vie,1,0.011177420000000000,TIDAL Music AS,,,BE,track,digital
2020-01-06,sddigital,SS-038,Agrim Agadez,SS-038digi,C'est La Vie,6,0.057001950000000000,TIDAL Music AS,,,DE,track,digital
2020-01-06,sddigital,SS-038,Agrim Agadez,SS-038digi,C'est La Vie,11,0.117562850000000000,TIDAL Music AS,,,US,track,digital
2020-01-06,sddigital,SS-038,Agrim Agadez,SS-038digi,C'est La Vie,2,0.008969270000000000,TIDAL Music AS,,,PL,track,digital
2020-01-06,sddigital,SS-038,Agrim Agadez,SS-038digi,C'est La Vie,3,0.031523950000000000,TIDAL Music AS,,,SE,track,digital
2020-01-06,sddigital,SS-038,Agrim Agadez,SS-038digi,C'est La Vie,1,0.015899440000000000,TIDAL Music AS,,,CH,track,digital
2020-01-06,sddigital,SS-038,Agrim Agadez,SS-038digi,C'est La Vie,1,0.003863640000000000,TIDAL Music AS,,,SI,track,digital
2020-01-06,sddigital,SS-038,Agrim Agadez,SS-038digi,C'est La Vie,1,0.011908930000000000,TIDAL Music AS,,,DK,track,digital
2020-01-06,sddigital,SS-038,Agrim Agadez,SS-038digi,C'est La Vie,7,0.082909970000000000,TIDAL Music AS,,,NL,track,digital
2020-01-06,sddigital,SS-038,Agrim Agadez,SS-038digi,C'est La Vie,3,0.010808960000000000,TIDAL Music AS,,,PL,track,digital
2020-01-06,sddigital,SS-038,Agrim Agadez,SS-038digi,C'est La Vie,2,0.018927350000000000,TIDAL Music AS,,,NO,track,digital
2020-01-06,sddigital,SS-038,Agrim Agadez,SS-038digi,C'est La Vie,3,0.004094920000000000,TIDAL Music AS,,,BR,track,digital
2020-01-06,sddigital,SS-038,Agrim Agadez,SS-038digi,C'est La Vie,5,0.023553150000000000,TIDAL Music AS,,,FR,track,digital
2020-01-06,sddigital,SS-038,Agrim Agadez,SS-038digi,C'est La Vie,2,0.019710140000000000,TIDAL Music AS,,,DK,track,digital
2020-01-06,sddigital,SS-038,Agrim Agadez,SS-038digi,C'est La Vie,3,0.014487610000000000,TIDAL Music AS,,,LT,track,digital
2020-01-06,sddigital,SS-038,Agrim Agadez,SS-038digi,C'est La Vie,1,0.010475000000000000,TIDAL Music AS,,,AU,track,digital
2020-01-06,sddigital,SS-038,Agrim Agadez,SS-038digi,C'est La Vie,1,0.000592870000000000,Spotify,,,GB,track,digital
2020-01-06,sddigital,SS-038,Agrim Agadez,SS-038digi,C'est La Vie,1,0.003022620000000000,Spotify,,,AE,track,digital
2020-01-06,sddigital,SS-038,Agrim Agadez,SS-038digi,C'est La Vie,9,0.005130620000000000,Spotify,,,AR,track,digital
2020-01-06,sddigital,SS-038,Agrim Agadez,SS-038digi,C'est La Vie,11,0.040658100000000000,Spotify,,,AU,track,digital
2020-01-06,sddigital,SS-038,Agrim Agadez,SS-038digi,C'est La Vie,6,0.009637400000000000,Spotify,,,BE,track,digital
2020-01-06,sddigital,SS-038,Agrim Agadez,SS-038digi,C'est La Vie,4,0.004468790000000000,Spotify,,,BR,track,digital
2020-01-06,sddigital,SS-038,Agrim Agadez,SS-038digi,C'est La Vie,6,0.012012460000000000,Spotify,,,CA,track,digital
2020-01-06,sddigital,SS-038,Agrim Agadez,SS-038digi,C'est La Vie,9,0.031508200000000000,Spotify,,,CH,track,digital
2020-01-06,sddigital,SS-038,Agrim Agadez,SS-038digi,C'est La Vie,4,0.003681040000000000,Spotify,,,CL,track,digital
2020-01-06,sddigital,SS-038,Agrim Agadez,SS-038digi,C'est La Vie,1,0.001762340000000000,Spotify,,,CO,track,digital
2020-01-06,sddigital,SS-038,Agrim Agadez,SS-038digi,C'est La Vie,19,0.061566660000000000,Spotify,,,DE,track,digital
2020-01-06,sddigital,SS-038,Agrim Agadez,SS-038digi,C'est La Vie,1,0.002529430000000000,Pandora Media,,,US,track,digital
2020-01-06,sddigital,SS-038,Agrim Agadez,SS-038digi,C'est La Vie,1,0.008012220000000000,TIDAL Music AS,,,CA,track,digital
2020-01-06,sddigital,SS-038,Agrim Agadez,SS-038digi,C'est La Vie,5,0.047468850000000000,TIDAL Music AS,,,GB,track,digital
2020-01-06,sddigital,SS-038,Agrim Agadez,SS-038digi,C'est La Vie,4,0.040389590000000000,TIDAL Music AS,,,DE,track,digital
2020-01-06,sddigital,SS-038,Agrim Agadez,SS-038digi,C'est La Vie,2,0.029099200000000000,TIDAL Music AS,,,CH,track,digital
2020-01-06,sddigital,SS-038,Agrim Agadez,SS-038digi,C'est La Vie,1,0.005565080000000000,TIDAL Music AS,,,SI,track,digital
2020-01-06,sddigital,SS-038,Agrim Agadez,SS-038digi,C'est La Vie,11,0.039726470000000000,TIDAL Music AS,,,DK,track,digital
2020-01-06,sddigital,SS-038,Agrim Agadez,SS-038digi,C'est La Vie,1,0.011055890000000000,TIDAL Music AS,,,NL,track,digital
2020-01-06,sddigital,SS-038,Agrim Agadez,SS-038digi,C'est La Vie,1,0.004045970000000000,TIDAL Music AS,,,PL,track,digital
2020-01-06,sddigital,SS-038,Agrim Agadez,SS-038digi,C'est La Vie,5,0.023645430000000000,TIDAL Music AS,,,FR,track,digital
2020-01-06,sddigital,SS-038,Agrim Agadez,SS-038digi,C'est La Vie,9,0.083522980000000000,TIDAL Music AS,,,US,track,digital
2020-01-06,sddigital,SS-038,Agrim Agadez,SS-038digi,C'est La Vie,2,0.010100800000000000,TIDAL Music AS,,,LT,track,digital
2020-01-06,sddigital,SS-038,Agrim Agadez,SS-038digi,C'est La Vie,1,0.011031110000000000,TIDAL Music AS,,,NZ,track,digital
2020-01-06,sddigital,SS-038,Agrim Agadez,SS-038digi,C'est La Vie,2,0.008660980000000000,Pandora Media,,,US,track,digital
2020-01-06,sddigital,SS-038,Agrim Agadez,SS-038digi,C'est La Vie,3,0.000055900000000000,UMA,,,RU,track,digital
2020-01-06,sddigital,SS-038,Agrim Agadez,SS-038digi,C'est La Vie,4,0.033115960000000000,TIDAL Music AS,,,CA,track,digital
2020-01-06,sddigital,SS-038,Agrim Agadez,SS-038digi,C'est La Vie,1,0.011939970000000000,TIDAL Music AS,,,GB,track,digital
2020-01-06,sddigital,SS-038,Agrim Agadez,SS-038digi,C'est La Vie,11,0.137385610000000000,TIDAL Music AS,,,DE,track,digital
2020-01-06,sddigital,SS-038,Agrim Agadez,SS-038digi,C'est La Vie,3,0.028757810000000000,TIDAL Music AS,,,CH,track,digital
2020-01-07,sddigital,SS-038,Agrim Agadez,SS-038digi,C'est La Vie,1,0.007644900000000000,Spotify,,,IE,track,digital
2020-01-07,sddigital,SS-038,Agrim Agadez,SS-038digi,C'est La Vie,1,0.003897670000000000,Spotify,,,IL,track,digital
2020-01-07,sddigital,SS-038,Agrim Agadez,SS-038digi,C'est La Vie,1,0.001179260000000000,Spotify,,,IN,track,digital
2020-01-07,sddigital,SS-038,Agrim Agadez,SS-038digi,C'est La Vie,6,0.000137580000000000,Spotify,,,IS,track,digital
2020-01-07,sddigital,SS-038,Agrim Agadez,SS-038digi,C'est La Vie,2,0.004217080000000000,Spotify,,,IT,track,digital
2020-01-07,sddigital,SS-038,Agrim Agadez,SS-038digi,C'est La Vie,7,0.017522170000000000,Spotify,,,JO,track,digital
2020-01-07,sddigital,SS-038,Agrim Agadez,SS-038digi,C'est La Vie,3,0.000010400000000000,Spotify,,,MA,track,digital
2020-01-07,sddigital,SS-038,Agrim Agadez,SS-038digi,C'est La Vie,1,0.000122530000000000,Spotify,,,HU,track,digital
2020-01-07,sddigital,SS-038,Agrim Agadez,SS-038digi,C'est La Vie,2,0.007058210000000000,Spotify,,,GR,track,digital
2020-01-07,sddigital,SS-038,Agrim Agadez,SS-038digi,C'est La Vie,32,0.155274570000000000,Spotify,,,GB,track,digital
2020-01-07,sddigital,SS-038,Agrim Agadez,SS-038digi,C'est La Vie,39,0.097816180000000000,Spotify,,,FR,track,digital
2020-01-07,sddigital,SS-038,Agrim Agadez,SS-038digi,C'est La Vie,1,0.003482970000000000,Spotify,,,FI,track,digital
2020-01-07,sddigital,SS-038,Agrim Agadez,SS-038digi,C'est La Vie,7,0.016061530000000000,Spotify,,,ES,track,digital
2020-01-08,sddigital,SS-038,Agrim Agadez,SS-038digi,C'est La Vie,3,0.003638980000000000,Spotify,,,TR,track,digital
2020-01-08,sddigital,SS-038,Agrim Agadez,SS-038digi,C'est La Vie,2,0.000362520000000000,Spotify,,,PT,track,digital
2020-01-08,sddigital,SS-038,Agrim Agadez,SS-038digi,C'est La Vie,12,0.014484480000000000,Spotify,,,PL,track,digital
2020-01-08,sddigital,SS-038,Agrim Agadez,SS-038digi,C'est La Vie,1,0.000093200000000000,Spotify,,,PH,track,digital
2020-01-08,sddigital,SS-038,Agrim Agadez,SS-038digi,C'est La Vie,1,0.003685240000000000,Spotify,,,NZ,track,digital
2020-01-08,sddigital,SS-038,Agrim Agadez,SS-038digi,C'est La Vie,9,0.023817180000000000,Spotify,,,NL,track,digital
2020-01-08,sddigital,SS-038,Agrim Agadez,SS-038digi,C'est La Vie,144,0.507617560000000000,Spotify,,,US,track,digital
2020-01-08,sddigital,SS-038,Agrim Agadez,SS-038digi,C'est La Vie,3,0.009080520000000000,Spotify,,,SE,track,digital
2020-01-15,sddigital,SS-038,Agrim Agadez,SS-038digi,C'est La Vie,1,0.000032990000000000,UMA,,,ZZ,track,digital
2020-01-16,sddigital,SS-038,Agrim Agadez,SS-038digi,C'est La Vie,4,0.008199190000000000,Youtube,,,US,track,digital
2020-01-16,sddigital,SS-038,Agrim Agadez,SS-038digi,C'est La Vie,3,0.001658590000000000,Youtube,,,BE,track,digital
2020-01-16,sddigital,SS-038,Agrim Agadez,SS-038digi,C'est La Vie,12,0.001556450000000000,Youtube,,,DE,track,digital
2020-01-16,sddigital,SS-038,Agrim Agadez,SS-038digi,C'est La Vie,12,0.013929330000000000,Youtube,,,FR,track,digital
2020-01-16,sddigital,SS-038,Agrim Agadez,SS-038digi,C'est La Vie,3,0.001378110000000000,Youtube,,,GB,track,digital
2020-01-16,sddigital,SS-038,Agrim Agadez,SS-038digi,C'est La Vie,2,0.003228440000000000,Youtube,,,IT,track,digital
2020-01-16,bandcamp,SS-038,Agrim Agadez,SS-038digi,,1,0.630000000000000000,,Ringwood,VIC,AU,album,digital
2020-01-17,sddigital,SS-038,Agrim Agadez,SS-038digi,C'est La Vie,13,0.021572800000000000,Deezer,,,TR,track,digital
2020-01-17,sddigital,SS-038,Agrim Agadez,SS-038digi,C'est La Vie,1,0.007239920000000000,Deezer,,,NL,track,digital
2020-01-17,sddigital,SS-038,Agrim Agadez,SS-038digi,C'est La Vie,1,0.003969110000000000,Deezer,,,HU,track,digital
2020-01-17,sddigital,SS-038,Agrim Agadez,SS-038digi,C'est La Vie,1,0.006460530000000000,Deezer,,,BE,track,digital
2020-01-17,sddigital,SS-038,Agrim Agadez,SS-038digi,C'est La Vie,1,0.007622550000000000,Youtube,,,US,track,digital
2020-01-17,sddigital,SS-038,Agrim Agadez,SS-038digi,C'est La Vie,6,0.029147600000000000,Deezer,,,FR,track,digital
2020-01-23,bandcamp,SS-038,Agrim Agadez,SS-038digi,,1,0.590000000000000000,,Costa Mesa,CA,US,album,digital
2020-01-24,sddigital,SS-038,Agrim Agadez,SS-038digi,C'est La Vie,4,0.025026100000000000,ITunes,,,CA,track,digital
2020-01-24,sddigital,SS-038,Agrim Agadez,SS-038digi,C'est La Vie,1,0.007034320000000000,ITunes,,,CH,track,digital
2020-01-25,sddigital,SS-038,Agrim Agadez,SS-038digi,C'est La Vie,1,0.010629750000000000,ITunes,,,BE,track,digital
2020-01-25,sddigital,SS-038,Agrim Agadez,SS-038digi,C'est La Vie,1,0.008135080000000000,ITunes,,,FR,track,digital
2020-01-25,sddigital,SS-038,Agrim Agadez,SS-038digi,C'est La Vie,2,0.013931850000000000,ITunes,,,JP,track,digital
2020-01-25,sddigital,SS-038,Agrim Agadez,SS-038digi,,1,0.463025628000000000,ITunes,,,FR,album,digital
2020-01-26,sddigital,SS-038,Agrim Agadez,SS-038digi,C'est La Vie,3,0.000560160000000000,ITunes,,,US,track,digital
2020-01-26,sddigital,SS-038,Agrim Agadez,SS-038digi,C'est La Vie,5,0.039010400000000000,ITunes,,,US,track,digital
2020-01-26,shopify,SS-038,Agrim Agadez,SS-038lp,,1,0.846000000000000000,,Tarrytown,New York,United States,album,physical
2020-01-26,sddigital,SS-038,Agrim Agadez,SS-038digi,C'est La Vie,9,0.037117470000000000,ITunes,,,US,track,digital
2020-01-27,sddigital,SS-038,Agrim Agadez,SS-038digi,C'est La Vie,1,0.003615480000000000,Google Play,,,CA,track,digital
2020-01-27,sddigital,SS-038,Agrim Agadez,SS-038digi,C'est La Vie,5,0.024610200000000000,Google Play,,,US,track,digital
2020-01-27,shopify,SS-038,Agrim Agadez,SS-038lp,,1,1.009000000000000000,,Taylors,South Carolina,United States,album,physical
2020-01-28,bandcamp,SS-038,Agrim Agadez,SS-038lp,,1,0.976000000000000000,,North Providence,RI,US,album,physical
2020-02-01,bandcamp,SS-038,Agrim Agadez,SS-038digi,,1,0.630000000000000000,,Charlottesville,VA,US,album,digital
2020-02-01,sds,SS-038,Agrim Agadez,SS-038digi,C'est La Vie,4,0.000456760000000000,Tencent,,,China,track,digital
2020-02-04,sdphysical,SS-038,Agrim Agadez,SS-038lp,,-1,-0.002000000000000000,AMPED Distribution,,,US,album,physical
2020-02-04,sdphysical,SS-038,Agrim Agadez,SS-038lp,,1,0.840000000000000000,Neoglyphic Media,,,US,album,physical
2020-02-05,sdphysical,SS-038,Agrim Agadez,SS-038lp,,1,0.927350443000000000,Cargo UK Consignment,,,GB,album,physical
2020-02-10,sddigital,SS-038,Agrim Agadez,SS-038digi,C'est La Vie,1,0.002550410000000000,Google Play,,,NL,track,digital
2020-02-10,sddigital,SS-038,Agrim Agadez,SS-038digi,C'est La Vie,1,0.006480390000000000,Google Play,,,FR,track,digital
2020-02-14,sddigital,SS-038,Agrim Agadez,SS-038digi,C'est La Vie,2,0.009229870000000000,Deezer,,,FR,track,digital
2020-02-14,sddigital,SS-038,Agrim Agadez,SS-038digi,C'est La Vie,1,0.000915030000000000,Deezer,,,BE,track,digital
2020-02-14,sddigital,SS-038,Agrim Agadez,SS-038digi,C'est La Vie,1,0.014849980000000000,Deezer,,,FI,track,digital
2020-02-14,sddigital,SS-038,Agrim Agadez,SS-038digi,C'est La Vie,3,0.007817400000000000,Youtube,,,BE,track,digital
2020-02-14,sddigital,SS-038,Agrim Agadez,SS-038digi,C'est La Vie,3,0.029893170000000000,Youtube,,,NG,track,digital
2020-02-14,sddigital,SS-038,Agrim Agadez,SS-038digi,C'est La Vie,1,0.000603660000000000,Youtube,,,KE,track,digital
2020-02-14,sddigital,SS-038,Agrim Agadez,SS-038digi,C'est La Vie,5,0.006662000000000000,Youtube,,,FR,track,digital
2020-02-14,sddigital,SS-038,Agrim Agadez,SS-038digi,C'est La Vie,6,0.002044560000000000,Youtube,,,ES,track,digital
2020-02-14,sddigital,SS-038,Agrim Agadez,SS-038digi,C'est La Vie,3,0.003656270000000000,Youtube,,,DK,track,digital
2020-02-14,sddigital,SS-038,Agrim Agadez,SS-038digi,C'est La Vie,11,0.029168120000000000,Youtube,,,CH,track,digital
2020-02-14,sddigital,SS-038,Agrim Agadez,SS-038digi,C'est La Vie,1,0.004807490000000000,Youtube,,,CA,track,digital
2020-02-14,sddigital,SS-038,Agrim Agadez,SS-038digi,C'est La Vie,1,0.000899210000000000,Youtube,,,AT,track,digital
2020-02-14,sddigital,SS-038,Agrim Agadez,SS-038digi,C'est La Vie,1,0.007189990000000000,Youtube,,,US,track,digital
2020-02-14,sddigital,SS-038,Agrim Agadez,SS-038digi,C'est La Vie,1,0.007056660000000000,Deezer,,,NL,track,digital
2020-02-14,sddigital,SS-038,Agrim Agadez,SS-038digi,C'est La Vie,1,0.009847500000000000,Deezer,,,GB,track,digital
2020-02-17,sddigital,SS-038,Agrim Agadez,SS-038digi,C'est La Vie,1,0.000538370000000000,Spotify,,,AT,track,digital
2020-02-17,sddigital,SS-038,Agrim Agadez,SS-038digi,C'est La Vie,26,0.062092940000000000,Spotify,,,DE,track,digital
2020-02-17,sddigital,SS-038,Agrim Agadez,SS-038digi,C'est La Vie,1,0.001140160000000000,Spotify,,,CL,track,digital
2020-02-17,sddigital,SS-038,Agrim Agadez,SS-038digi,C'est La Vie,4,0.013049140000000000,Spotify,,,CH,track,digital
2020-02-17,sddigital,SS-038,Agrim Agadez,SS-038digi,C'est La Vie,6,0.014221590000000000,Spotify,,,CA,track,digital
2020-02-17,sddigital,SS-038,Agrim Agadez,SS-038digi,C'est La Vie,12,0.023396100000000000,Spotify,,,BR,track,digital
2020-02-17,sddigital,SS-038,Agrim Agadez,SS-038digi,C'est La Vie,3,0.010384510000000000,Spotify,,,BE,track,digital
2020-02-17,sddigital,SS-038,Agrim Agadez,SS-038digi,C'est La Vie,5,0.018467820000000000,Spotify,,,AU,track,digital
2020-02-17,sddigital,SS-038,Agrim Agadez,SS-038digi,C'est La Vie,1,0.001097150000000000,Spotify,,,AR,track,digital
2020-02-17,sddigital,SS-038,Agrim Agadez,SS-038digi,C'est La Vie,2,0.009308980000000000,Spotify,,,DK,track,digital
2020-02-17,shopify,SS-038,Agrim Agadez,SS-038lp,,1,1.071000000000000000,,North Yarmouth,Maine,United States,album,physical
2020-02-17,sddigital,SS-038,Agrim Agadez,SS-038digi,C'est La Vie,2,0.009789980000000000,Pandora Media,,,US,track,digital
2020-02-18,sddigital,SS-038,Agrim Agadez,SS-038digi,C'est La Vie,4,0.007716050000000000,Spotify,,,IT,track,digital
2020-02-18,sddigital,SS-038,Agrim Agadez,SS-038digi,C'est La Vie,4,0.013057020000000000,Spotify,,,ES,track,digital
2020-02-18,sddigital,SS-038,Agrim Agadez,SS-038digi,C'est La Vie,12,0.013082550000000000,Spotify,,,MX,track,digital
2020-02-18,sddigital,SS-038,Agrim Agadez,SS-038digi,C'est La Vie,1,0.000027320000000000,Spotify,,,MA,track,digital
2020-02-18,sddigital,SS-038,Agrim Agadez,SS-038digi,C'est La Vie,2,0.004983210000000000,Spotify,,,JP,track,digital
2020-02-18,sddigital,SS-038,Agrim Agadez,SS-038digi,C'est La Vie,19,0.046430890000000000,Spotify,,,JO,track,digital
2020-02-18,sddigital,SS-038,Agrim Agadez,SS-038digi,C'est La Vie,1,0.001171300000000000,Spotify,,,IN,track,digital
2020-02-18,sddigital,SS-038,Agrim Agadez,SS-038digi,C'est La Vie,1,0.003744970000000000,Spotify,,,IL,track,digital
2020-02-18,sddigital,SS-038,Agrim Agadez,SS-038digi,C'est La Vie,1,0.000515990000000000,Spotify,,,IE,track,digital
2020-02-18,sddigital,SS-038,Agrim Agadez,SS-038digi,C'est La Vie,1,0.003551270000000000,Spotify,,,GR,track,digital
2020-02-18,sddigital,SS-038,Agrim Agadez,SS-038digi,C'est La Vie,49,0.248973040000000000,Spotify,,,GB,track,digital
2020-02-18,sddigital,SS-038,Agrim Agadez,SS-038digi,C'est La Vie,23,0.059632430000000000,Spotify,,,FR,track,digital
2020-02-18,sddigital,SS-038,Agrim Agadez,SS-038digi,C'est La Vie,1,0.000693630000000000,Spotify,,,FI,track,digital
2020-02-19,sddigital,SS-038,Agrim Agadez,SS-038digi,C'est La Vie,18,0.054401420000000000,Spotify,,,SE,track,digital
2020-02-19,sddigital,SS-038,Agrim Agadez,SS-038digi,C'est La Vie,1,0.002007860000000000,Spotify,,,ZA,track,digital
2020-02-19,sddigital,SS-038,Agrim Agadez,SS-038digi,C'est La Vie,118,0.471609970000000000,Spotify,,,US,track,digital
2020-02-19,sddigital,SS-038,Agrim Agadez,SS-038digi,C'est La Vie,7,0.021496400000000000,Spotify,,,NL,track,digital
2020-02-19,sddigital,SS-038,Agrim Agadez,SS-038digi,C'est La Vie,1,0.005785810000000000,Spotify,,,NO,track,digital
2020-02-19,sddigital,SS-038,Agrim Agadez,SS-038digi,C'est La Vie,1,0.001556680000000000,Spotify,,,PT,track,digital
2020-02-19,sddigital,SS-038,Agrim Agadez,SS-038digi,C'est La Vie,1,0.000906630000000000,Spotify,,,NZ,track,digital
2020-02-19,sddigital,SS-038,Agrim Agadez,SS-038digi,C'est La Vie,2,0.001038030000000000,Spotify,,,PL,track,digital
2020-02-20,bandcamp,SS-038,Agrim Agadez,SS-038lp,,1,1.144000000000000000,,Prince Albert,SK,CA,album,physical
2020-02-21,sddigital,SS-038,Agrim Agadez,SS-038digi,C'est La Vie,1,0.006442700000000000,ITunes,,,CA,track,digital
2020-02-21,sddigital,SS-038,Agrim Agadez,SS-038digi,C'est La Vie,1,0.010077120000000000,ITunes,,,CH,track,digital
2020-02-21,sddigital,SS-038,Agrim Agadez,SS-038digi,C'est La Vie,1,0.003467190000000000,ITunes,,,CA,track,digital
2020-02-22,sddigital,SS-038,Agrim Agadez,SS-038digi,C'est La Vie,1,0.010487170000000000,ITunes,,,BE,track,digital
2020-02-22,sddigital,SS-038,Agrim Agadez,SS-038digi,C'est La Vie,3,0.021118420000000000,ITunes,,,JP,track,digital
2020-02-22,sddigital,SS-038,Agrim Agadez,SS-038digi,C'est La Vie,1,0.000215750000000000,ITunes,,,DE,track,digital
2020-02-22,sddigital,SS-038,Agrim Agadez,SS-038digi,C'est La Vie,1,0.006322780000000000,ITunes,,,FR,track,digital
2020-02-22,sddigital,SS-038,Agrim Agadez,SS-038digi,C'est La Vie,1,0.012475170000000000,ITunes,,,DE,track,digital
2020-02-22,sddigital,SS-038,Agrim Agadez,SS-038digi,C'est La Vie,1,0.005231280000000000,ITunes,,,BE,track,digital
2020-02-23,sddigital,SS-038,Agrim Agadez,SS-038digi,C'est La Vie,1,0.008092830000000000,ITunes,,,US,track,digital
2020-02-23,sddigital,SS-038,Agrim Agadez,SS-038digi,C'est La Vie,1,0.001660350000000000,ITunes,,,RU,track,digital
2020-02-23,sddigital,SS-038,Agrim Agadez,SS-038digi,C'est La Vie,13,0.105206800000000000,ITunes,,,US,track,digital
2020-02-23,sddigital,SS-038,Agrim Agadez,SS-038digi,C'est La Vie,3,0.000649320000000000,ITunes,,,US,track,digital
2020-02-23,sddigital,SS-038,Agrim Agadez,SS-038digi,C'est La Vie,15,0.063724350000000000,ITunes,,,US,track,digital
2020-02-24,sddigital,SS-038,Agrim Agadez,SS-038digi,C'est La Vie,1,0.007502840000000000,TIDAL Music AS,,,DK,track,digital
2020-02-24,sddigital,SS-038,Agrim Agadez,SS-038digi,C'est La Vie,4,0.035697980000000000,TIDAL Music AS,,,DE,track,digital
2020-02-24,sddigital,SS-038,Agrim Agadez,SS-038digi,,1,0.438926734000000000,Xandrie SA,,,NL,album,digital
2020-02-24,sddigital,SS-038,Agrim Agadez,SS-038digi,C'est La Vie,6,0.046724000000000000,TIDAL Music AS,,,US,track,digital
2020-02-24,sddigital,SS-038,Agrim Agadez,SS-038digi,C'est La Vie,2,0.028238500000000000,TIDAL Music AS,,,CH,track,digital
2020-02-24,sddigital,SS-038,Agrim Agadez,SS-038digi,C'est La Vie,2,0.007587570000000000,Amazon International,,,ES,track,digital
2020-02-24,sddigital,SS-038,Agrim Agadez,SS-038digi,C'est La Vie,3,0.017230490000000000,TIDAL Music AS,,,CA,track,digital
2020-02-24,sddigital,SS-038,Agrim Agadez,SS-038digi,C'est La Vie,4,0.029984670000000000,TIDAL Music AS,,,AU,track,digital
2020-02-24,sddigital,SS-038,Agrim Agadez,SS-038digi,C'est La Vie,1,0.004940060000000000,TIDAL Music AS,,,LT,track,digital
2020-02-24,sddigital,SS-038,Agrim Agadez,SS-038digi,C'est La Vie,6,0.068222670000000000,TIDAL Music AS,,,GB,track,digital
2020-02-24,sddigital,SS-038,Agrim Agadez,SS-038digi,C'est La Vie,3,0.018543780000000000,TIDAL Music AS,,,FR,track,digital
2020-02-24,sddigital,SS-038,Agrim Agadez,SS-038digi,C'est La Vie,3,0.011068260000000000,TIDAL Music AS,,,MX,track,digital
2020-02-24,sddigital,SS-038,Agrim Agadez,SS-038digi,C'est La Vie,2,0.021639230000000000,TIDAL Music AS,,,NL,track,digital
2020-02-25,sdphysical,SS-038,Agrim Agadez,SS-038lp,,1,0.800000000000000000,Clear Spot International,,,NL,album,physical
2020-02-29,bandcamp,SS-038,Agrim Agadez,SS-038digi,,1,0.630000000000000000,,Healdsburg,CA,US,album,digital
2020-03-01,sds,SS-038,Agrim Agadez,SS-038digi,C'est La Vie,43,0.004910230000000000,Tencent,,,China,track,digital
2020-03-01,sds,SS-038,Agrim Agadez,SS-038digi,C'est La Vie,17,0.028343010000000000,Tencent,,,China,track,digital
2020-03-02,bandcamp,SS-038,Agrim Agadez,SS-038lp,,1,1.275000000000000000,,Geneva,GE,CH,album,physical
2020-03-05,sddigital,SS-038,Agrim Agadez,SS-038digi,C'est La Vie,2,0.017000000000000000,Rhapsody,,,US,track,digital
2020-03-13,sddigital,SS-038,Agrim Agadez,SS-038digi,C'est La Vie,1,0.006494070000000000,24/7 Entertainment,,,DK,track,digital
2020-03-13,sddigital,SS-038,Agrim Agadez,SS-038digi,C'est La Vie,1,0.007244550000000000,24/7 Entertainment,,,DK,track,digital
2020-03-13,sddigital,SS-038,Agrim Agadez,SS-038digi,C'est La Vie,2,0.013709640000000000,24/7 Entertainment,,,DK,track,digital
2020-03-14,shopify,SS-038,Agrim Agadez,SS-038lp,,1,1.075000000000000000,,Thousand Oaks,California,United States,album,physical
2020-03-16,sddigital,SS-038,Agrim Agadez,SS-038digi,C'est La Vie,11,0.028606300000000000,Deezer,,,FR,track,digital
2020-03-16,sddigital,SS-038,Agrim Agadez,SS-038digi,C'est La Vie,3,0.006127120000000000,Deezer,,,GB,track,digital
2020-03-16,sddigital,SS-038,Agrim Agadez,SS-038digi,C'est La Vie,3,0.021295330000000000,Deezer,,,NL,track,digital
2020-03-16,sddigital,SS-038,Agrim Agadez,SS-038digi,C'est La Vie,2,0.001414850000000000,Deezer,,,RU,track,digital
2020-03-17,sddigital,SS-038,Agrim Agadez,SS-038digi,C'est La Vie,1,0.003601930000000000,Google Play,,,CA,track,digital
2020-03-17,sddigital,SS-038,Agrim Agadez,SS-038digi,C'est La Vie,2,0.010015650000000000,Google Play,,,US,track,digital
2020-03-17,sddigital,SS-038,Agrim Agadez,SS-038digi,C'est La Vie,5,0.029751660000000000,Google Play,,,FR,track,digital
2020-03-18,sddigital,SS-038,Agrim Agadez,SS-038digi,C'est La Vie,22,0.061659180000000000,Spotify,,,DE,track,digital
2020-03-18,sddigital,SS-038,Agrim Agadez,SS-038digi,C'est La Vie,2,0.004443860000000000,Spotify,,,AT,track,digital
2020-03-18,sddigital,SS-038,Agrim Agadez,SS-038digi,C'est La Vie,13,0.054320060000000000,Spotify,,,AU,track,digital
2020-03-18,sddigital,SS-038,Agrim Agadez,SS-038digi,C'est La Vie,2,0.007399110000000000,Spotify,,,BE,track,digital
2020-03-18,sddigital,SS-038,Agrim Agadez,SS-038digi,C'est La Vie,3,0.002841720000000000,Spotify,,,AR,track,digital
2020-03-18,sddigital,SS-038,Agrim Agadez,SS-038digi,C'est La Vie,10,0.030350220000000000,Spotify,,,CA,track,digital
2020-03-18,sddigital,SS-038,Agrim Agadez,SS-038digi,C'est La Vie,7,0.036780640000000000,Spotify,,,CH,track,digital
2020-03-18,sddigital,SS-038,Agrim Agadez,SS-038digi,C'est La Vie,3,0.003979040000000000,Spotify,,,CL,track,digital
2020-03-18,sddigital,SS-038,Agrim Agadez,SS-038digi,C'est La Vie,2,0.005860750000000000,Pandora Media,,,US,track,digital
2020-03-18,sddigital,SS-038,Agrim Agadez,SS-038digi,C'est La Vie,6,0.009004550000000000,Spotify,,,BR,track,digital
2020-03-18,sddigital,SS-038,Agrim Agadez,SS-038digi,C'est La Vie,12,0.039451500000000000,Spotify,,,DK,track,digital
2020-03-18,sddigital,SS-038,Agrim Agadez,SS-038digi,C'est La Vie,1,0.004792510000000000,Pandora Media,,,US,track,digital
2020-03-19,sddigital,SS-038,Agrim Agadez,SS-038digi,C'est La Vie,96,0.345487360000000000,Spotify,,,US,track,digital
2020-03-19,sddigital,SS-038,Agrim Agadez,SS-038digi,C'est La Vie,1,0.001258030000000000,Spotify,,,HU,track,digital
2020-03-19,sddigital,SS-038,Agrim Agadez,SS-038digi,C'est La Vie,33,0.150911340000000000,Spotify,,,GB,track,digital
2020-03-19,sddigital,SS-038,Agrim Agadez,SS-038digi,C'est La Vie,29,0.050891300000000000,Spotify,,,FR,track,digital
2020-03-19,sddigital,SS-038,Agrim Agadez,SS-038digi,C'est La Vie,8,0.010103250000000000,Spotify,,,ES,track,digital
2020-03-19,sddigital,SS-038,Agrim Agadez,SS-038digi,C'est La Vie,1,0.000578180000000000,Spotify,,,PH,track,digital
2020-03-19,sddigital,SS-038,Agrim Agadez,SS-038digi,C'est La Vie,21,0.056729350000000000,Spotify,,,SE,track,digital
2020-03-19,sddigital,SS-038,Agrim Agadez,SS-038digi,C'est La Vie,3,0.001683070000000000,Spotify,,,TR,track,digital
2020-03-19,sddigital,SS-038,Agrim Agadez,SS-038digi,C'est La Vie,1,0.006154170000000000,Spotify,,,IE,track,digital
2020-03-19,sddigital,SS-038,Agrim Agadez,SS-038digi,C'est La Vie,1,0.002143530000000000,Spotify,,,ZA,track,digital
2020-03-19,sddigital,SS-038,Agrim Agadez,SS-038digi,C'est La Vie,11,0.025397860000000000,Spotify,,,NL,track,digital
2020-03-19,sddigital,SS-038,Agrim Agadez,SS-038digi,C'est La Vie,1,0.005943970000000000,Spotify,,,NO,track,digital
2020-03-19,sddigital,SS-038,Agrim Agadez,SS-038digi,C'est La Vie,13,0.013398510000000000,Youtube,,,CH,track,digital
2020-03-19,sddigital,SS-038,Agrim Agadez,SS-038digi,C'est La Vie,1,0.002904300000000000,Spotify,,,SA,track,digital
2020-03-19,sddigital,SS-038,Agrim Agadez,SS-038digi,C'est La Vie,1,0.001572160000000000,Spotify,,,PT,track,digital
2020-03-19,sddigital,SS-038,Agrim Agadez,SS-038digi,C'est La Vie,6,0.008267600000000000,Spotify,,,PL,track,digital
2020-03-19,sddigital,SS-038,Agrim Agadez,SS-038digi,C'est La Vie,14,0.015400650000000000,Spotify,,,MX,track,digital
2020-03-19,sddigital,SS-038,Agrim Agadez,SS-038digi,C'est La Vie,1,0.000028640000000000,Spotify,,,MA,track,digital
2020-03-19,sddigital,SS-038,Agrim Agadez,SS-038digi,C'est La Vie,2,0.005195850000000000,Spotify,,,JP,track,digital
2020-03-19,sddigital,SS-038,Agrim Agadez,SS-038digi,C'est La Vie,3,0.007359900000000000,Spotify,,,JO,track,digital
2020-03-19,sddigital,SS-038,Agrim Agadez,SS-038digi,C'est La Vie,13,0.022596350000000000,Spotify,,,IT,track,digital
2020-03-19,sddigital,SS-038,Agrim Agadez,SS-038digi,C'est La Vie,1,0.007181570000000000,Youtube,,,US,track,digital
2020-03-19,sddigital,SS-038,Agrim Agadez,SS-038digi,C'est La Vie,1,0.007181570000000000,Youtube,,,AU,track,digital
2020-03-19,sddigital,SS-038,Agrim Agadez,SS-038digi,C'est La Vie,12,0.018319030000000000,Youtube,,,NZ,track,digital
2020-03-19,sddigital,SS-038,Agrim Agadez,SS-038digi,C'est La Vie,2,0.000924320000000000,Youtube,,,MA,track,digital
2020-03-19,sddigital,SS-038,Agrim Agadez,SS-038digi,C'est La Vie,20,0.000189220000000000,Youtube,,,FR,track,digital
2020-03-20,bandcamp,SS-038,Agrim Agadez,SS-038digi,,1,0.089000000000000000,,London,England,GB,album,digital
2020-03-20,bandcamp,SS-038,Agrim Agadez,SS-038digi,,1,0.100000000000000000,,High Point,NC,US,album,digital
2020-03-20,bandcamp,SS-038,Agrim Agadez,SS-038digi,,1,0.100000000000000000,,Evesham,Worcestershire,GB,album,digital
2020-03-20,bandcamp,SS-038,Agrim Agadez,SS-038digi,,1,0.100000000000000000,,Portland,OR,US,album,digital
2020-03-20,bandcamp,SS-038,Agrim Agadez,SS-038digi,,1,0.200000000000000000,,Rio Rancho,NM,US,album,digital
2020-03-20,bandcamp,SS-038,Agrim Agadez,SS-038digi,,1,0.100000000000000000,,Igualada,Barcelona,ES,album,digital
2020-03-20,bandcamp,SS-038,Agrim Agadez,SS-038digi,,1,0.100000000000000000,,Alexandria,VA,US,album,digital
2020-03-20,bandcamp,SS-038,Agrim Agadez,SS-038digi,,1,0.100000000000000000,,Cork,County Cork,IE,album,digital
2020-03-20,bandcamp,SS-038,Agrim Agadez,SS-038lp,,1,1.132000000000000000,,Saint Louis,MO,US,album,physical
2020-03-21,bandcamp,SS-038,Agrim Agadez,SS-038digi,,1,0.270000000000000000,,Wroclaw,Lower Silesia,PL,album,digital
2020-03-21,bandcamp,SS-038,Agrim Agadez,SS-038digi,,1,0.090000000000000000,,Washington,DC,US,album,digital
2020-03-21,bandcamp,SS-038,Agrim Agadez,SS-038digi,,1,0.090000000000000000,,Auckland,Auckland,NZ,album,digital
2020-03-21,bandcamp,SS-038,Agrim Agadez,SS-038digi,,1,0.090000000000000000,,Ris-Orangis,Essonne,FR,album,digital
2020-03-21,bandcamp,SS-038,Agrim Agadez,SS-038digi,,1,0.360000000000000000,,Bath,MI,US,album,digital
2020-03-21,bandcamp,SS-038,Agrim Agadez,SS-038digi,,1,0.270000000000000000,,London,England,GB,album,digital
2020-03-21,bandcamp,SS-038,Agrim Agadez,SS-038digi,,1,0.090000000000000000,,Barrow in Furness,Cumbria,GB,album,digital
2020-03-21,bandcamp,SS-038,Agrim Agadez,SS-038digi,,1,0.360000000000000000,,Parma,Province of Parma,IT,album,digital
2020-03-21,bandcamp,SS-038,Agrim Agadez,SS-038digi,,1,0.090000000000000000,,Mission,KS,US,album,digital
2020-03-21,bandcamp,SS-038,Agrim Agadez,SS-038digi,,1,0.090000000000000000,,Evanston,IL,US,album,digital
2020-03-21,bandcamp,SS-038,Agrim Agadez,SS-038digi,,1,0.165000000000000000,,Milwaukee,WI,US,album,digital
2020-03-21,bandcamp,SS-038,Agrim Agadez,SS-038digi,,1,0.100000000000000000,,San Antonio,TX,US,album,digital
2020-03-21,bandcamp,SS-038,Agrim Agadez,SS-038digi,,1,0.100000000000000000,,Hamden,CT,US,album,digital
2020-03-21,bandcamp,SS-038,Agrim Agadez,SS-038digi,,1,0.080000000000000000,,Paris,Paris,FR,album,digital
2020-03-21,bandcamp,SS-038,Agrim Agadez,SS-038digi,,1,0.200000000000000000,,Sacramento,CA,US,album,digital
2020-03-21,bandcamp,SS-038,Agrim Agadez,SS-038digi,,1,0.500000000000000000,,Madison,WI,US,album,digital
2020-03-22,bandcamp,SS-038,Agrim Agadez,SS-038digi,,1,0.090000000000000000,,Ixelles-Elsene,Brussels Capital,BE,album,digital
2020-03-22,bandcamp,SS-038,Agrim Agadez,SS-038digi,,1,0.090000000000000000,,Lyon,Rhône,FR,album,digital
2020-03-22,bandcamp,SS-038,Agrim Agadez,SS-038digi,,1,0.180000000000000000,,New York,NY,US,album,digital
2020-03-22,bandcamp,SS-038,Agrim Agadez,SS-038digi,,1,0.270000000000000000,,Rochester,NY,US,album,digital
2020-03-22,bandcamp,SS-038,Agrim Agadez,SS-038digi,,1,0.090000000000000000,,Des Plaines,IL,US,album,digital
2020-03-22,bandcamp,SS-038,Agrim Agadez,SS-038digi,,1,0.090000000000000000,,Portland,OR,US,album,digital
2020-03-22,bandcamp,SS-038,Agrim Agadez,SS-038digi,,1,0.450000000000000000,,Huddinge,Stockholm County,SE,album,digital
2020-03-26,sddigital,SS-038,Agrim Agadez,SS-038digi,C'est La Vie,1,0.006419540000000000,TIDAL Music AS,,,CA,track,digital
2020-03-26,sddigital,SS-038,Agrim Agadez,SS-038digi,C'est La Vie,1,0.009944330000000000,TIDAL Music AS,,,NO,track,digital
2020-03-26,sddigital,SS-038,Agrim Agadez,SS-038digi,C'est La Vie,3,0.013380600000000000,TIDAL Music AS,,,FR,track,digital
2020-03-26,sddigital,SS-038,Agrim Agadez,SS-038digi,C'est La Vie,2,0.002571290000000000,TIDAL Music AS,,,TR,track,digital
2020-03-26,sddigital,SS-038,Agrim Agadez,SS-038digi,C'est La Vie,13,0.089765780000000000,TIDAL Music AS,,,US,track,digital
2020-03-26,sddigital,SS-038,Agrim Agadez,SS-038digi,C'est La Vie,1,0.003745970000000000,TIDAL Music AS,,,LT,track,digital
2020-03-26,sddigital,SS-038,Agrim Agadez,SS-038digi,C'est La Vie,1,0.003632100000000000,TIDAL Music AS,,,PT,track,digital
2020-03-26,sddigital,SS-038,Agrim Agadez,SS-038digi,C'est La Vie,1,0.005808400000000000,TIDAL Music AS,,,AU,track,digital
2020-03-26,sddigital,SS-038,Agrim Agadez,SS-038digi,C'est La Vie,1,0.003843260000000000,TIDAL Music AS,,,LV,track,digital
2020-03-26,sddigital,SS-038,Agrim Agadez,SS-038digi,C'est La Vie,1,0.002981010000000000,TIDAL Music AS,,,MX,track,digital
2020-03-26,sddigital,SS-038,Agrim Agadez,SS-038digi,C'est La Vie,3,0.028193650000000000,Amazon USA,,,US,track,digital
2020-03-26,shopify,SS-038,Agrim Agadez,SS-038lp,,1,1.061000000000000000,,Santa Barbara,California,United States,album,physical
2020-03-26,bandcamp,SS-038,Agrim Agadez,SS-038lp,,1,1.455000000000000000,,Berlin,,DE,album,physical
2020-03-26,sddigital,SS-038,Agrim Agadez,SS-038digi,C'est La Vie,6,0.053615560000000000,TIDAL Music AS,,,GB,track,digital
2020-03-26,sddigital,SS-038,Agrim Agadez,SS-038digi,C'est La Vie,1,0.008800240000000000,TIDAL Music AS,,,BE,track,digital
2020-03-26,sddigital,SS-038,Agrim Agadez,SS-038digi,C'est La Vie,6,0.040584680000000000,TIDAL Music AS,,,DE,track,digital
2020-03-26,sddigital,SS-038,Agrim Agadez,SS-038digi,C'est La Vie,1,0.007583880000000000,TIDAL Music AS,,,SE,track,digital
2020-03-26,sddigital,SS-038,Agrim Agadez,SS-038digi,C'est La Vie,5,0.057222560000000000,TIDAL Music AS,,,CH,track,digital
2020-03-26,sddigital,SS-038,Agrim Agadez,SS-038digi,C'est La Vie,1,0.009919250000000000,TIDAL Music AS,,,DK,track,digital
2020-03-26,sddigital,SS-038,Agrim Agadez,SS-038digi,C'est La Vie,1,0.005892050000000000,TIDAL Music AS,,,SK,track,digital
2020-03-26,sddigital,SS-038,Agrim Agadez,SS-038digi,C'est La Vie,1,0.004292310000000000,TIDAL Music AS,,,NL,track,digital
2020-03-27,sddigital,SS-038,Agrim Agadez,SS-038digi,C'est La Vie,1,0.006570030000000000,ITunes,,,CA,track,digital
2020-03-28,sddigital,SS-038,Agrim Agadez,SS-038digi,C'est La Vie,1,0.012713240000000000,ITunes,,,CH,track,digital
2020-03-28,sddigital,SS-038,Agrim Agadez,SS-038digi,C'est La Vie,1,0.005253770000000000,ITunes,,,BE,track,digital
2020-03-28,sddigital,SS-038,Agrim Agadez,SS-038digi,C'est La Vie,1,0.004239630000000000,ITunes,,,FR,track,digital
2020-03-28,sddigital,SS-038,Agrim Agadez,SS-038digi,C'est La Vie,1,0.641859440000000000,ITunes,,,DK,track,digital
2020-03-29,sddigital,SS-038,Agrim Agadez,SS-038digi,C'est La Vie,4,2.380061610000000000,ITunes,,,US,track,digital
2020-03-29,sddigital,SS-038,Agrim Agadez,SS-038digi,C'est La Vie,2,0.013659850000000000,ITunes,,,US,track,digital
2020-03-29,sddigital,SS-038,Agrim Agadez,SS-038digi,C'est La Vie,4,0.016939240000000000,ITunes,,,US,track,digital
2020-03-29,sddigital,SS-038,Agrim Agadez,SS-038digi,C'est La Vie,1,0.007903500000000000,ITunes,,,US,track,digital
2020-03-30,sddigital,SS-038,Agrim Agadez,SS-038digi,C'est La Vie,6,0.042681920000000000,ITunes,,,JP,track,digital
2020-03-30,bandcamp,SS-038,Agrim Agadez,SS-038lp,,1,0.982000000000000000,,Burlington,VT,US,album,physical
2020-03-30,bandcamp,SS-038,Agrim Agadez,SS-038lp,,1,1.070000000000000000,,Charlotte,NC,US,album,physical
2020-03-30,sddigital,SS-038,Agrim Agadez,SS-038digi,C'est La Vie,3,0.000937110000000000,ITunes,,,US,track,digital
2020-03-30,sddigital,SS-038,Agrim Agadez,SS-038digi,C'est La Vie,1,0.003108530000000000,ITunes,,,US,track,digital
2020-03-30,sddigital,SS-038,Agrim Agadez,SS-038digi,C'est La Vie,1,0.002483600000000000,ITunes,,,RU,track,digital
2020-04-09,shopify,SS-038,Agrim Agadez,SS-038lp,,1,1.061000000000000000,,Portland,Oregon,United States,album,physical
2020-04-10,sddigital,SS-038,Agrim Agadez,SS-038digi,C'est La Vie,3,0.015098730000000000,Google Play,,,US,track,digital
2020-04-13,sddigital,SS-038,Agrim Agadez,SS-038digi,C'est La Vie,2,0.001841930000000000,Anghami,,,DZ,track,digital
2020-04-13,sddigital,SS-038,Agrim Agadez,SS-038digi,C'est La Vie,2,0.005860750000000000,Pandora Media,,,US,track,digital
2020-04-14,sddigital,SS-038,Agrim Agadez,SS-038digi,C'est La Vie,1,0.000983800000000000,Anghami,,,DZ,track,digital
2020-04-14,sddigital,SS-038,Agrim Agadez,SS-038digi,C'est La Vie,7,0.010842000000000000,Spotify,,,MX,track,digital
2020-04-14,sddigital,SS-038,Agrim Agadez,SS-038digi,C'est La Vie,2,0.001841930000000000,Anghami,,,DZ,track,digital
2020-04-14,sddigital,SS-038,Agrim Agadez,SS-038digi,C'est La Vie,2,0.006794240000000000,Spotify,,,DO,track,digital
2020-04-14,sddigital,SS-038,Agrim Agadez,SS-038digi,C'est La Vie,1,0.000144740000000000,Spotify,,,CO,track,digital
2020-04-14,sddigital,SS-038,Agrim Agadez,SS-038digi,C'est La Vie,4,0.004126480000000000,Spotify,,,CL,track,digital
2020-04-14,sddigital,SS-038,Agrim Agadez,SS-038digi,C'est La Vie,9,0.022449410000000000,Spotify,,,CA,track,digital
2020-04-14,sddigital,SS-038,Agrim Agadez,SS-038digi,C'est La Vie,8,0.007030090000000000,Spotify,,,BR,track,digital
2020-04-14,sddigital,SS-038,Agrim Agadez,SS-038digi,C'est La Vie,11,0.046734880000000000,Spotify,,,AU,track,digital
2020-04-14,sddigital,SS-038,Agrim Agadez,SS-038digi,C'est La Vie,1,0.001082780000000000,Spotify,,,AR,track,digital
2020-04-14,sddigital,SS-038,Agrim Agadez,SS-038digi,C'est La Vie,1,0.000569330000000000,Spotify,,,DZ,track,digital
2020-04-14,sddigital,SS-038,Agrim Agadez,SS-038digi,C'est La Vie,8,0.019644820000000000,Spotify,,,NZ,track,digital
2020-04-14,sddigital,SS-038,Agrim Agadez,SS-038digi,C'est La Vie,1,0.001215570000000000,Spotify,,,PE,track,digital
2020-04-14,sddigital,SS-038,Agrim Agadez,SS-038digi,C'est La Vie,154,0.548059980000000000,Spotify,,,US,track,digital
2020-04-14,sddigital,SS-038,Agrim Agadez,SS-038digi,C'est La Vie,3,0.008189020000000000,Spotify,,,IS,track,digital
2020-04-14,sddigital,SS-038,Agrim Agadez,SS-038digi,C'est La Vie,2,0.007489750000000000,Pandora Media,,,US,track,digital
2020-04-14,sddigital,SS-038,Agrim Agadez,SS-038digi,C'est La Vie,1,0.000031650000000000,Spotify,,,ID,track,digital
2020-04-14,sddigital,SS-038,Agrim Agadez,SS-038digi,C'est La Vie,1,0.000026690000000000,Spotify,,,HU,track,digital
2020-04-14,sddigital,SS-038,Agrim Agadez,SS-038digi,C'est La Vie,2,0.002057130000000000,Spotify,,,HK,track,digital
2020-04-14,sddigital,SS-038,Agrim Agadez,SS-038digi,C'est La Vie,1,0.002051750000000000,Spotify,,,MA,track,digital
2020-04-14,sddigital,SS-038,Agrim Agadez,SS-038digi,C'est La Vie,7,0.016949600000000000,Spotify,,,JO,track,digital
2020-04-23,shopify,SS-038,Agrim Agadez,SS-038lp,,1,1.087000000000000000,,Bremerton,Washington,United States,album,physical
2020-04-23,bandcamp,SS-038,Agrim Agadez,SS-038digi,,1,0.720000000000000000,,Zaragoza,Saragossa,ES,album,digital
2020-04-25,sddigital,SS-038,Agrim Agadez,SS-038digi,C'est La Vie,1,0.003558760000000000,ITunes,,,AU,track,digital
2020-04-25,sddigital,SS-038,Agrim Agadez,SS-038digi,C'est La Vie,1,0.006564980000000000,ITunes,,,AU,track,digital
2020-04-26,sddigital,SS-038,Agrim Agadez,SS-038digi,C'est La Vie,1,0.002234250000000000,ITunes,,,CL,track,digital
2020-04-26,sddigital,SS-038,Agrim Agadez,SS-038digi,C'est La Vie,3,0.016605300000000000,ITunes,,,CA,track,digital
2020-04-27,sddigital,SS-038,Agrim Agadez,SS-038digi,C'est La Vie,1,0.004995860000000000,ITunes,,,BE,track,digital
2020-04-27,sddigital,SS-038,Agrim Agadez,SS-038digi,C'est La Vie,2,0.023386070000000000,ITunes,,,FI,track,digital
2020-04-27,sddigital,SS-038,Agrim Agadez,SS-038digi,C'est La Vie,1,0.009955980000000000,ITunes,,,BE,track,digital
2020-04-27,sddigital,SS-038,Agrim Agadez,SS-038digi,C'est La Vie,1,0.003860730000000000,ITunes,,,DE,track,digital
2020-04-28,sddigital,SS-038,Agrim Agadez,SS-038digi,C'est La Vie,1,0.005445640000000000,Amazon International,,,ES,track,digital
2020-04-28,sddigital,SS-038,Agrim Agadez,SS-038digi,C'est La Vie,54,0.083562450000000000,Amazon International,,,DE,track,digital
2020-04-28,sddigital,SS-038,Agrim Agadez,SS-038digi,C'est La Vie,1,0.011419200000000000,Amazon International,,,JP,track,digital
2020-04-28,sddigital,SS-038,Agrim Agadez,SS-038digi,C'est La Vie,1,0.007750300000000000,Amazon USA,,,US,track,digital
2020-04-28,sddigital,SS-038,Agrim Agadez,SS-038digi,C'est La Vie,1,0.000314910000000000,ITunes,,,AT,track,digital
2020-04-29,sddigital,SS-038,Agrim Agadez,SS-038digi,C'est La Vie,6,0.020860500000000000,Spotify,,,IT,track,digital
2020-04-29,sddigital,SS-038,Agrim Agadez,SS-038digi,C'est La Vie,3,0.012276620000000000,Spotify,,,IE,track,digital
2020-04-29,sddigital,SS-038,Agrim Agadez,SS-038digi,C'est La Vie,2,0.002109040000000000,Spotify,,,IN,track,digital
2020-04-29,sddigital,SS-038,Agrim Agadez,SS-038digi,C'est La Vie,2,0.011336390000000000,Spotify,,,LU,track,digital
2020-04-29,sddigital,SS-038,Agrim Agadez,SS-038digi,C'est La Vie,15,0.058208640000000000,Spotify,,,NL,track,digital
2020-04-29,sddigital,SS-038,Agrim Agadez,SS-038digi,C'est La Vie,3,0.012159750000000000,Spotify,,,NO,track,digital
2020-04-29,sddigital,SS-038,Agrim Agadez,SS-038digi,C'est La Vie,7,0.010404620000000000,Spotify,,,PL,track,digital
2020-04-29,sddigital,SS-038,Agrim Agadez,SS-038digi,C'est La Vie,6,0.009154380000000000,Spotify,,,PT,track,digital
2020-04-29,sddigital,SS-038,Agrim Agadez,SS-038digi,C'est La Vie,2,0.000035160000000000,Spotify,,,RO,track,digital
2020-04-29,sddigital,SS-038,Agrim Agadez,SS-038digi,C'est La Vie,21,0.076234880000000000,Spotify,,,SE,track,digital
2020-04-29,sddigital,SS-038,Agrim Agadez,SS-038digi,C'est La Vie,6,0.008112330000000000,Spotify,,,TR,track,digital
2020-04-29,sddigital,SS-038,Agrim Agadez,SS-038digi,C'est La Vie,2,0.007534330000000000,Spotify,,,BE,track,digital
2020-04-29,sddigital,SS-038,Agrim Agadez,SS-038digi,C'est La Vie,36,0.125818800000000000,Spotify,,,DE,track,digital
2020-04-29,sddigital,SS-038,Agrim Agadez,SS-038digi,C'est La Vie,1,0.003132760000000000,Spotify,,,DK,track,digital
2020-04-29,sddigital,SS-038,Agrim Agadez,SS-038digi,C'est La Vie,4,0.015127970000000000,Spotify,,,ES,track,digital
2020-04-29,sddigital,SS-038,Agrim Agadez,SS-038digi,C'est La Vie,4,0.002579570000000000,Spotify,,,ES,track,digital
2020-04-29,sddigital,SS-038,Agrim Agadez,SS-038digi,C'est La Vie,1,0.002481150000000000,Spotify,,,FI,track,digital
2020-04-29,sddigital,SS-038,Agrim Agadez,SS-038digi,C'est La Vie,21,0.041312570000000000,Spotify,,,FR,track,digital
2020-04-29,sddigital,SS-038,Agrim Agadez,SS-038digi,C'est La Vie,4,0.014254820000000000,Spotify,,,GR,track,digital
2020-04-29,sddigital,SS-038,Agrim Agadez,SS-038digi,C'est La Vie,19,0.065852130000000000,Spotify,,,CH,track,digital
2020-04-29,sddigital,SS-038,Agrim Agadez,SS-038digi,C'est La Vie,1,0.002928190000000000,TIDAL Music AS,,,SI,track,digital
2020-04-29,sddigital,SS-038,Agrim Agadez,SS-038digi,C'est La Vie,1,0.008135520000000000,TIDAL Music AS,,,NZ,track,digital
2020-04-29,sddigital,SS-038,Agrim Agadez,SS-038digi,C'est La Vie,1,0.004900350000000000,TIDAL Music AS,,,CZ,track,digital
2020-04-29,sddigital,SS-038,Agrim Agadez,SS-038digi,C'est La Vie,1,0.002375490000000000,TIDAL Music AS,,,MX,track,digital
2020-04-29,sddigital,SS-038,Agrim Agadez,SS-038digi,C'est La Vie,14,0.087104940000000000,TIDAL Music AS,,,US,track,digital
2020-04-29,sddigital,SS-038,Agrim Agadez,SS-038digi,C'est La Vie,2,0.009668410000000000,TIDAL Music AS,,,FR,track,digital
2020-04-29,sddigital,SS-038,Agrim Agadez,SS-038digi,C'est La Vie,1,0.007141200000000000,TIDAL Music AS,,,NO,track,digital
2020-04-29,sddigital,SS-038,Agrim Agadez,SS-038digi,C'est La Vie,2,0.003651740000000000,TIDAL Music AS,,,PL,track,digital
2020-04-29,sddigital,SS-038,Agrim Agadez,SS-038digi,C'est La Vie,3,0.017213040000000000,TIDAL Music AS,,,NL,track,digital
2020-04-29,sddigital,SS-038,Agrim Agadez,SS-038digi,C'est La Vie,1,0.009850930000000000,TIDAL Music AS,,,CH,track,digital
2020-04-29,sddigital,SS-038,Agrim Agadez,SS-038digi,C'est La Vie,5,0.023631590000000000,TIDAL Music AS,,,CA,track,digital
2020-04-29,sddigital,SS-038,Agrim Agadez,SS-038digi,C'est La Vie,6,0.040229240000000000,TIDAL Music AS,,,GB,track,digital
2020-04-29,sddigital,SS-038,Agrim Agadez,SS-038digi,C'est La Vie,2,0.012083390000000000,TIDAL Music AS,,,DE,track,digital
2020-04-29,sddigital,SS-038,Agrim Agadez,SS-038digi,C'est La Vie,2,0.009727480000000000,TIDAL Music AS,,,IE,track,digital
2020-04-29,sddigital,SS-038,Agrim Agadez,SS-038digi,C'est La Vie,5,0.020702920000000000,TIDAL Music AS,,,DK,track,digital
2020-04-30,sddigital,SS-038,Agrim Agadez,SS-038digi,C'est La Vie,2,0.007760500000000000,ITunes,,,US,track,digital
2020-04-30,sddigital,SS-038,Agrim Agadez,SS-038digi,C'est La Vie,1,0.007386500000000000,ITunes,,,US,track,digital
2020-04-30,sddigital,SS-038,Agrim Agadez,SS-038digi,C'est La Vie,1,0.006148900000000000,ITunes,,,US,track,digital
2020-04-30,sddigital,SS-038,Agrim Agadez,SS-038digi,C'est La Vie,7,0.050575000000000000,ITunes,,,US,track,digital
2020-04-30,sddigital,SS-038,Agrim Agadez,SS-038digi,C'est La Vie,1,0.002803300000000000,ITunes,,,US,track,digital
2020-04-30,sddigital,SS-038,Agrim Agadez,SS-038digi,C'est La Vie,4,0.027886520000000000,ITunes,,,JP,track,digital
2020-04-30,sddigital,SS-038,Agrim Agadez,SS-038digi,C'est La Vie,3,0.000948860000000000,ITunes,,,US,track,digital
2020-04-30,sddigital,SS-038,Agrim Agadez,SS-038digi,C'est La Vie,1,0.005769300000000000,Deezer,,,AE,track,digital
2020-04-30,sddigital,SS-038,Agrim Agadez,SS-038digi,C'est La Vie,2,0.007214670000000000,Deezer,,,BE,track,digital
2020-04-30,sddigital,SS-038,Agrim Agadez,SS-038digi,C'est La Vie,4,0.012520240000000000,Deezer,,,FR,track,digital
2020-04-30,sddigital,SS-038,Agrim Agadez,SS-038digi,C'est La Vie,5,0.015465300000000000,Deezer,,,GB,track,digital
2020-04-30,sddigital,SS-038,Agrim Agadez,SS-038digi,C'est La Vie,1,0.001820150000000000,ITunes,,,RU,track,digital
2020-04-30,sddigital,SS-038,Agrim Agadez,SS-038digi,C'est La Vie,29,0.164967210000000000,Spotify,,,GB,track,digital
2020-04-30,sddigital,SS-038,Agrim Agadez,SS-038digi,C'est La Vie,1,0.001633320000000000,Deezer,,,TR,track,digital
2020-04-30,sddigital,SS-038,Agrim Agadez,SS-038digi,C'est La Vie,3,0.002674310000000000,Deezer,,,RU,track,digital
2020-04-30,sddigital,SS-038,Agrim Agadez,SS-038digi,C'est La Vie,1,0.003592480000000000,Deezer,,,NL,track,digital
2020-05-01,sds,SS-038,Agrim Agadez,SS-038digi,C'est La Vie,1,0.000114420000000000,Alibaba,,,China,track,digital
2020-05-01,sds,SS-038,Agrim Agadez,SS-038digi,C'est La Vie,2,0.000228830000000000,Alibaba,,,China,track,digital
2020-05-01,bandcamp,SS-038,Agrim Agadez,SS-038digi,,1,0.183000000000000000,,Avry-sur-Matran,Fribourg,CH,album,digital
2020-05-01,bandcamp,SS-038,Agrim Agadez,SS-038digi,,1,0.200000000000000000,,New York,NY,US,album,digital
2020-05-01,bandcamp,SS-038,Agrim Agadez,SS-038digi,,1,0.200000000000000000,,Stuttgart,Baden-Württemberg,DE,album,digital
2020-05-01,bandcamp,SS-038,Agrim Agadez,SS-038digi,,1,0.100000000000000000,,Atlanta,GA,US,album,digital
2020-05-01,bandcamp,SS-038,Agrim Agadez,SS-038digi,,1,0.150000000000000000,,Helsinki,Uusimaa,FI,album,digital
2020-05-01,bandcamp,SS-038,Agrim Agadez,SS-038digi,,1,0.200000000000000000,,Portland,OR,US,album,digital
2020-05-01,bandcamp,SS-038,Agrim Agadez,SS-038digi,,1,0.200000000000000000,,Burbank,CA,US,album,digital
2020-05-01,bandcamp,SS-038,Agrim Agadez,SS-038digi,,1,0.100000000000000000,,Birmingham,Birmingham,GB,album,digital
2020-05-01,bandcamp,SS-038,Agrim Agadez,SS-038digi,,1,0.100000000000000000,,Cardigan,Ceredigion,GB,album,digital
2020-05-01,bandcamp,SS-038,Agrim Agadez,SS-038digi,,1,0.448000000000000000,,Dublin,Leinster,IE,album,digital
2020-05-01,bandcamp,SS-038,Agrim Agadez,SS-038digi,,1,0.100000000000000000,,Portland,ME,US,album,digital
2020-05-01,bandcamp,SS-038,Agrim Agadez,SS-038digi,,1,0.100000000000000000,,Hamilton,Waikato,NZ,album,digital
2020-05-01,bandcamp,SS-038,Agrim Agadez,SS-038digi,,1,0.165000000000000000,,Gdynia,Pomerania,PL,album,digital
2020-05-01,bandcamp,SS-038,Agrim Agadez,SS-038digi,,1,0.100000000000000000,,Newcastle upon Tyne,Newcastle upon Tyne,GB,album,digital
2020-05-01,bandcamp,SS-038,Agrim Agadez,SS-038digi,,1,0.500000000000000000,,Queens,NY,US,album,digital
2020-05-01,bandcamp,SS-038,Agrim Agadez,SS-038digi,,1,0.100000000000000000,,Dulwich,Southwark,GB,album,digital
2020-05-01,bandcamp,SS-038,Agrim Agadez,SS-038digi,,1,0.100000000000000000,,Québec,QC,CA,album,digital
2020-05-01,bandcamp,SS-038,Agrim Agadez,SS-038digi,,1,0.100000000000000000,,Wutoeschingen,Baden-Württemberg,DE,album,digital
2020-05-01,bandcamp,SS-038,Agrim Agadez,SS-038digi,,1,0.100000000000000000,,Rennes,Ille-et-Vilaine,FR,album,digital
2020-05-01,bandcamp,SS-038,Agrim Agadez,SS-038digi,,1,0.100000000000000000,,Marina del Rey,CA,US,album,digital
2020-05-01,bandcamp,SS-038,Agrim Agadez,SS-038digi,,1,0.100000000000000000,,Lambeth,Lambeth,GB,album,digital
2020-05-01,bandcamp,SS-038,Agrim Agadez,SS-038digi,,1,0.200000000000000000,,Berlin,Land Berlin,DE,album,digital
2020-05-01,bandcamp,SS-038,Agrim Agadez,SS-038digi,,1,0.100000000000000000,,Clarkston,MI,US,album,digital
2020-05-02,bandcamp,SS-038,Agrim Agadez,SS-038digi,,1,0.500000000000000000,,Saint Paul,MN,US,album,digital
2020-05-02,bandcamp,SS-038,Agrim Agadez,SS-038digi,,1,0.100000000000000000,,Oakland,CA,US,album,digital
2020-05-02,bandcamp,SS-038,Agrim Agadez,SS-038digi,,1,0.100000000000000000,,New York,NY,US,album,digital
2020-05-02,bandcamp,SS-038,Agrim Agadez,SS-038digi,,1,0.100000000000000000,,Vancouver,WA,US,album,digital
2020-05-02,bandcamp,SS-038,Agrim Agadez,SS-038digi,,1,0.350000000000000000,,Towson,MD,US,album,digital
2020-05-02,bandcamp,SS-038,Agrim Agadez,SS-038digi,,1,0.662000000000000000,,Cologne,North Rhine-Westphalia,DE,album,digital
2020-05-02,bandcamp,SS-038,Agrim Agadez,SS-038digi,,1,0.500000000000000000,,Brooklyn,NY,US,album,digital
2020-05-05,shopify,SS-038,Agrim Agadez,SS-038lp,,1,1.093000000000000000,,Oxford,Mississippi,United States,album,physical
2020-05-05,sdphysical,SS-038,Agrim Agadez,SS-038lp,,1,0.840000000000000000,MoodyÂ LordsÂ Vinyl & Vintage,,,US,album,physical
2020-05-08,bandcamp,SS-038,Agrim Agadez,SS-038digi,,1,0.675000000000000000,,Portland,OR,US,album,digital
2020-05-11,sddigital,SS-038,Agrim Agadez,SS-038digi,C'est La Vie,25,0.000303920000000000,Youtube,,,DZ,track,digital
2020-05-11,sddigital,SS-038,Agrim Agadez,SS-038digi,C'est La Vie,12,0.009839360000000000,Youtube,,,US,track,digital
2020-05-11,sddigital,SS-038,Agrim Agadez,SS-038digi,C'est La Vie,2,0.001338760000000000,Youtube,,,FR,track,digital
2020-05-11,sddigital,SS-038,Agrim Agadez,SS-038digi,C'est La Vie,3,0.000447090000000000,Youtube,,,MA,track,digital
2020-05-12,sddigital,SS-038,Agrim Agadez,SS-038digi,C'est La Vie,1,0.000370420000000000,Spotify,,,GB,track,digital
2020-05-12,sddigital,SS-038,Agrim Agadez,SS-038digi,C'est La Vie,2,0.002211160000000000,Anghami,,,LB,track,digital
2020-05-12,sddigital,SS-038,Agrim Agadez,SS-038digi,C'est La Vie,36,0.183839680000000000,Spotify,,,GB,track,digital
2020-05-17,bandcamp,SS-038,Agrim Agadez,SS-038lp,,1,0.982000000000000000,,killeen,TX,US,album,physical
2020-05-22,sddigital,,,,C'est La Vie,1,0.003757860000000000,Google Play,,,CA,track,digital
2020-05-22,sddigital,SS-038,Agrim Agadez,SS-038digi,C'est La Vie,1,0.004334280000000000,ITunes,,,AU,track,digital
2020-05-22,sddigital,,,,C'est La Vie,5,0.025386640000000000,Google Play,,,US,track,digital
2020-05-22,sddigital,SS-038,Agrim Agadez,SS-038digi,C'est La Vie,1,0.535229310000000000,ITunes,,,AU,track,digital
2020-05-23,sddigital,SS-038,Agrim Agadez,SS-038digi,C'est La Vie,1,0.000390660000000000,ITunes,,,FR,track,digital
2020-05-23,sddigital,SS-038,Agrim Agadez,SS-038digi,C'est La Vie,1,0.000532610000000000,ITunes,,,GB,track,digital
2020-05-23,bandcamp,SS-038,Agrim Agadez,SS-038lp,,1,0.982000000000000000,,Cambridge,MA,US,album,physical
2020-05-23,bandcamp,SS-038,Agrim Agadez,SS-038digi,,1,0.667000000000000000,,Melbourne,VIC,AU,album,digital
2020-05-24,bandcamp,SS-038,Agrim Agadez,SS-038lp,,1,0.982000000000000000,,Nashville,TN,US,album,physical
2020-05-24,sddigital,SS-038,Agrim Agadez,SS-038digi,C'est La Vie,1,0.001490980000000000,ITunes,,,RU,track,digital
2020-05-24,sddigital,SS-038,Agrim Agadez,SS-038digi,C'est La Vie,10,0.076860540000000000,ITunes,,,JP,track,digital
2020-05-25,sddigital,SS-038,Agrim Agadez,SS-038digi,C'est La Vie,1,0.011092110000000000,ITunes,,,US,track,digital
2020-05-25,sddigital,SS-038,Agrim Agadez,SS-038digi,C'est La Vie,2,0.016387750000000000,ITunes,,,US,track,digital
2020-05-26,sddigital,SS-038,Agrim Agadez,SS-038digi,C'est La Vie,1,0.002037540000000000,Spotify,,,ZA,track,digital
2020-05-26,sddigital,SS-038,Agrim Agadez,SS-038digi,C'est La Vie,3,0.006005830000000000,Spotify,,,JP,track,digital
2020-05-26,sddigital,SS-038,Agrim Agadez,SS-038digi,C'est La Vie,1,0.000008510000000000,Spotify,,,MA,track,digital
2020-05-26,sddigital,SS-038,Agrim Agadez,SS-038digi,C'est La Vie,3,0.003393770000000000,Spotify,,,MX,track,digital
2020-05-26,sddigital,SS-038,Agrim Agadez,SS-038digi,C'est La Vie,2,0.004293040000000000,Spotify,,,MY,track,digital
2020-05-26,sddigital,SS-038,Agrim Agadez,SS-038digi,C'est La Vie,4,0.016740140000000000,Spotify,,,NZ,track,digital
2020-05-26,sddigital,SS-038,Agrim Agadez,SS-038digi,C'est La Vie,155,0.577313180000000000,Spotify,,,US,track,digital
2020-05-26,sddigital,SS-038,Agrim Agadez,SS-038digi,C'est La Vie,2,0.007224110000000000,Spotify,,,UY,track,digital
2020-05-26,sddigital,SS-038,Agrim Agadez,SS-038digi,C'est La Vie,1,0.004400800000000000,Spotify,,,AT,track,digital
2020-05-26,sddigital,SS-038,Agrim Agadez,SS-038digi,C'est La Vie,3,0.007636090000000000,Spotify,,,BE,track,digital
2020-05-26,sddigital,SS-038,Agrim Agadez,SS-038digi,C'est La Vie,7,0.019426040000000000,Spotify,,,CH,track,digital
2020-05-26,sddigital,SS-038,Agrim Agadez,SS-038digi,C'est La Vie,15,0.044488580000000000,Spotify,,,DE,track,digital
2020-05-26,sddigital,SS-038,Agrim Agadez,SS-038digi,C'est La Vie,3,0.015493870000000000,Spotify,,,DK,track,digital
2020-05-26,sddigital,SS-038,Agrim Agadez,SS-038digi,C'est La Vie,9,0.025908470000000000,Spotify,,,ES,track,digital
2020-05-26,sddigital,SS-038,Agrim Agadez,SS-038digi,C'est La Vie,44,0.120607700000000000,Spotify,,,FR,track,digital
2020-05-26,sddigital,SS-038,Agrim Agadez,SS-038digi,C'est La Vie,4,0.023749170000000000,Spotify,,,IE,track,digital
2020-05-26,sddigital,SS-038,Agrim Agadez,SS-038digi,C'est La Vie,2,0.000285900000000000,Spotify,,,IL,track,digital
2020-05-26,sddigital,SS-038,Agrim Agadez,SS-038digi,C'est La Vie,1,0.001159880000000000,Spotify,,,IN,track,digital
2020-05-26,sddigital,SS-038,Agrim Agadez,SS-038digi,C'est La Vie,8,0.015032960000000000,Spotify,,,IT,track,digital
2020-05-26,sddigital,SS-038,Agrim Agadez,SS-038digi,C'est La Vie,11,0.032034460000000000,Spotify,,,NL,track,digital
2020-05-26,sddigital,SS-038,Agrim Agadez,SS-038digi,C'est La Vie,13,0.022455380000000000,Spotify,,,PL,track,digital
2020-05-26,sddigital,SS-038,Agrim Agadez,SS-038digi,C'est La Vie,1,0.001513830000000000,Spotify,,,PT,track,digital
2020-05-26,sddigital,SS-038,Agrim Agadez,SS-038digi,C'est La Vie,4,0.013543230000000000,Spotify,,,SE,track,digital
2020-05-26,sddigital,SS-038,Agrim Agadez,SS-038digi,C'est La Vie,1,0.001455000000000000,Spotify,,,TR,track,digital
2020-05-26,sddigital,SS-038,Agrim Agadez,SS-038digi,C'est La Vie,8,0.019670610000000000,Spotify,,,AU,track,digital
2020-05-26,sddigital,SS-038,Agrim Agadez,SS-038digi,C'est La Vie,4,0.005339140000000000,Spotify,,,BR,track,digital
2020-05-26,sddigital,SS-038,Agrim Agadez,SS-038digi,C'est La Vie,3,0.005947430000000000,Spotify,,,CA,track,digital
2020-05-26,sddigital,SS-038,Agrim Agadez,SS-038digi,C'est La Vie,5,0.005188580000000000,Spotify,,,CL,track,digital
2020-05-26,sddigital,SS-038,Agrim Agadez,SS-038digi,C'est La Vie,1,0.001188570000000000,Spotify,,,CZ,track,digital
2020-05-26,sddigital,SS-038,Agrim Agadez,SS-038digi,C'est La Vie,1,0.000569330000000000,Spotify,,,DZ,track,digital
2020-05-26,sddigital,SS-038,Agrim Agadez,SS-038digi,C'est La Vie,2,0.004747860000000000,Spotify,,,JO,track,digital
2020-05-27,sddigital,SS-038,Agrim Agadez,SS-038digi,C'est La Vie,2,0.010274200000000000,TIDAL Music AS,,,CZ,track,digital
2020-05-27,sddigital,SS-038,Agrim Agadez,SS-038digi,C'est La Vie,1,0.005754520000000000,TIDAL Music AS,,,AU,track,digital
2020-05-27,sddigital,SS-038,Agrim Agadez,SS-038digi,C'est La Vie,1,0.004475300000000000,TIDAL Music AS,,,LT,track,digital
2020-05-27,sddigital,SS-038,Agrim Agadez,SS-038digi,C'est La Vie,10,0.064439770000000000,TIDAL Music AS,,,US,track,digital
2020-05-27,sddigital,SS-038,Agrim Agadez,SS-038digi,C'est La Vie,1,0.003763560000000000,TIDAL Music AS,,,GR,track,digital
2020-05-27,sddigital,SS-038,Agrim Agadez,SS-038digi,C'est La Vie,5,0.033741910000000000,TIDAL Music AS,,,FR,track,digital
2020-05-27,sddigital,SS-038,Agrim Agadez,SS-038digi,C'est La Vie,1,0.004689120000000000,TIDAL Music AS,,,IL,track,digital
2020-05-27,sddigital,SS-038,Agrim Agadez,SS-038digi,C'est La Vie,1,0.004994850000000000,TIDAL Music AS,,,FI,track,digital
2020-05-27,sddigital,SS-038,Agrim Agadez,SS-038digi,C'est La Vie,1,0.003534580000000000,TIDAL Music AS,,,TH,track,digital
2020-05-27,sddigital,SS-038,Agrim Agadez,SS-038digi,C'est La Vie,1,0.010978650000000000,TIDAL Music AS,,,CH,track,digital
2020-05-27,sddigital,SS-038,Agrim Agadez,SS-038digi,C'est La Vie,1,0.007120140000000000,TIDAL Music AS,,,SE,track,digital
2020-05-27,sddigital,SS-038,Agrim Agadez,SS-038digi,C'est La Vie,2,0.002125090000000000,TIDAL Music AS,,,BR,track,digital
2020-05-27,sddigital,SS-038,Agrim Agadez,SS-038digi,C'est La Vie,2,0.004417660000000000,TIDAL Music AS,,,PL,track,digital
2020-05-27,sddigital,SS-038,Agrim Agadez,SS-038digi,C'est La Vie,5,0.028338910000000000,TIDAL Music AS,,,NL,track,digital
2020-05-27,sddigital,SS-038,Agrim Agadez,SS-038digi,C'est La Vie,1,0.006360320000000000,TIDAL Music AS,,,DE,track,digital
2020-05-27,sddigital,SS-038,Agrim Agadez,SS-038digi,C'est La Vie,1,0.007509660000000000,TIDAL Music AS,,,BE,track,digital
2020-05-27,sddigital,SS-038,Agrim Agadez,SS-038digi,C'est La Vie,2,0.015325170000000000,TIDAL Music AS,,,GB,track,digital
2020-05-27,sddigital,SS-038,Agrim Agadez,SS-038digi,C'est La Vie,5,0.023341250000000000,TIDAL Music AS,,,CA,track,digital
2020-05-27,sddigital,SS-038,Agrim Agadez,SS-038digi,C'est La Vie,1,0.031422340000000000,Xandrie SA,,,FR,track,digital
2020-05-27,sddigital,SS-038,Agrim Agadez,SS-038digi,C'est La Vie,598,0.000250700000000000,Spotify,,,IN,track,digital
2020-05-29,sddigital,SS-038,Agrim Agadez,SS-038digi,C'est La Vie,2,0.010468600000000000,Amazon USA,,,US,track,digital
2020-05-29,sddigital,SS-038,Agrim Agadez,SS-038digi,C'est La Vie,2,0.013299240000000000,24/7 Entertainment,,,DK,track,digital
2020-05-29,sdphysical,SS-038,Agrim Agadez,SS-038lp,,1,0.889600000000000000,AMPED Distribution,,,US,album,physical
2020-05-30,bandcamp,SS-038,Agrim Agadez,SS-038digi,,1,0.675000000000000000,,Medina,NY,US,album,digital
2020-06-01,sds,SS-038,Agrim Agadez,SS-038digi,C'est La Vie,3,0.020623020000000000,Tidal,,,United States,track,digital
2020-06-02,sddigital,SS-038,Agrim Agadez,SS-038digi,C'est La Vie,1,0.001532170000000000,Youtube,,,CH,track,digital
2020-06-02,sddigital,SS-038,Agrim Agadez,SS-038digi,C'est La Vie,5,0.008487200000000000,Youtube,,,FR,track,digital
2020-06-02,sddigital,SS-038,Agrim Agadez,SS-038digi,C'est La Vie,9,0.020264800000000000,Youtube,,,US,track,digital
2020-06-02,sddigital,SS-038,Agrim Agadez,SS-038digi,C'est La Vie,4,0.001779990000000000,Youtube,,,IT,track,digital
2020-06-02,sddigital,SS-038,Agrim Agadez,SS-038digi,C'est La Vie,2,0.001326200000000000,Youtube,,,DE,track,digital
2020-06-02,sddigital,SS-038,Agrim Agadez,SS-038digi,C'est La Vie,1,0.001352160000000000,Youtube,,,CA,track,digital
2020-06-04,sdphysical,SS-038,Agrim Agadez,SS-038lp,,1,0.840000000000000000,Old Paint Records,,,US,album,physical
2020-06-05,bandcamp,SS-038,Agrim Agadez,SS-038digi,,1,0.200000000000000000,,High Wycombe,Buckinghamshire,GB,album,digital
2020-06-05,bandcamp,SS-038,Agrim Agadez,SS-038digi,,1,0.938000000000000000,,Bearsden,East Dunbartonshire,GB,album,digital
2020-06-06,bandcamp,SS-038,Agrim Agadez,SS-038digi,,1,0.500000000000000000,,Raleigh,NC,US,album,digital
2020-06-06,bandcamp,SS-038,Agrim Agadez,SS-038lp,,1,1.200000000000000000,,Brooklyn,NY,US,album,physical
2020-06-06,bandcamp,SS-038,Agrim Agadez,SS-038lp,,1,1.462000000000000000,,San Francisco,CA,US,album,physical
2020-06-11,bandcamp,SS-038,Agrim Agadez,SS-038digi,,1,0.659000000000000000,,Hove,Brighton and Hove,GB,album,digital
2020-06-11,shopify,SS-038,Agrim Agadez,SS-038lp,,1,1.087000000000000000,,Los Angeles,California,United States,album,physical
2020-06-12,sddigital,SS-038,Agrim Agadez,SS-038digi,C'est La Vie,2,0.005860750000000000,Pandora Media,,,US,track,digital
2020-06-12,sdphysical,SS-038,Agrim Agadez,SS-038lp,,1,0.800000000000000000,Clear Spot International,,,NL,album,physical
2020-06-12,sddigital,SS-038,Agrim Agadez,SS-038digi,C'est La Vie,1,0.005120100000000000,Pandora Media,,,US,track,digital
2020-06-15,sddigital,SS-038,Agrim Agadez,SS-038digi,C'est La Vie,1,0.003410340000000000,Spotify,,,CZ,track,digital
2020-06-15,bandcamp,SS-038,Agrim Agadez,SS-038lp,,1,0.982000000000000000,,Kent,WA,US,album,physical
2020-06-15,sddigital,SS-038,Agrim Agadez,SS-038digi,C'est La Vie,1,0.004751420000000000,Spotify,,,HK,track,digital
2020-06-15,sddigital,SS-038,Agrim Agadez,SS-038digi,C'est La Vie,30,0.178224090000000000,Spotify,,,GB,track,digital
2020-06-15,sddigital,SS-038,Agrim Agadez,SS-038digi,C'est La Vie,25,0.050636870000000000,Spotify,,,ID,track,digital
2020-06-15,sddigital,SS-038,Agrim Agadez,SS-038digi,C'est La Vie,1,0.000002460000000000,Spotify,,,IS,track,digital
2020-06-15,sddigital,SS-038,Agrim Agadez,SS-038digi,C'est La Vie,1,0.000605520000000000,Spotify,,,AR,track,digital
2020-06-15,bandcamp,SS-038,Agrim Agadez,SS-038digi,,1,0.851000000000000000,,Kent,WA,US,album,digital
2020-06-15,sddigital,SS-038,Agrim Agadez,SS-038digi,C'est La Vie,8,0.022409850000000000,Spotify,,,AU,track,digital
2020-06-15,sddigital,SS-038,Agrim Agadez,SS-038digi,C'est La Vie,187,0.736225960000000000,Spotify,,,US,track,digital
2020-06-15,sddigital,SS-038,Agrim Agadez,SS-038digi,C'est La Vie,4,0.004097060000000000,Spotify,,,BR,track,digital
2020-06-15,sddigital,SS-038,Agrim Agadez,SS-038digi,C'est La Vie,1,0.000569330000000000,Spotify,,,TN,track,digital
2020-06-15,sddigital,SS-038,Agrim Agadez,SS-038digi,C'est La Vie,5,0.016738810000000000,Spotify,,,CA,track,digital
2020-06-15,sddigital,SS-038,Agrim Agadez,SS-038digi,C'est La Vie,2,0.007532940000000000,Spotify,,,NZ,track,digital
2020-06-15,sddigital,SS-038,Agrim Agadez,SS-038digi,C'est La Vie,2,0.002250220000000000,Spotify,,,MX,track,digital
2020-06-15,sddigital,SS-038,Agrim Agadez,SS-038digi,C'est La Vie,4,0.019318770000000000,Spotify,,,JP,track,digital
2020-06-15,sddigital,SS-038,Agrim Agadez,SS-038digi,C'est La Vie,1,0.000194020000000000,Spotify,,,CO,track,digital
2020-06-16,bandcamp,SS-038,Agrim Agadez,SS-038lp,,1,1.110000000000000000,,Brooklyn,NY,US,album,physical
2020-06-17,sddigital,SS-038,Agrim Agadez,SS-038digi,C'est La Vie,1,0.001581550000000000,Spotify,,,LT,track,digital
2020-06-17,sddigital,SS-038,Agrim Agadez,SS-038digi,C'est La Vie,17,0.030782330000000000,Spotify,,,IT,track,digital
2020-06-17,sddigital,SS-038,Agrim Agadez,SS-038digi,C'est La Vie,2,0.002273770000000000,Spotify,,,IN,track,digital
2020-06-17,sddigital,SS-038,Agrim Agadez,SS-038digi,C'est La Vie,1,0.000352940000000000,Spotify,,,IE,track,digital
2020-06-17,sddigital,SS-038,Agrim Agadez,SS-038digi,C'est La Vie,2,0.001967930000000000,Spotify,,,GR,track,digital
2020-06-17,sddigital,SS-038,Agrim Agadez,SS-038digi,C'est La Vie,57,0.180386710000000000,Spotify,,,FR,track,digital
2020-06-17,sddigital,SS-038,Agrim Agadez,SS-038digi,C'est La Vie,1,0.006472090000000000,Spotify,,,FI,track,digital
2020-06-17,sddigital,SS-038,Agrim Agadez,SS-038digi,C'est La Vie,7,0.020093220000000000,Spotify,,,ES,track,digital
2020-06-17,sddigital,SS-038,Agrim Agadez,SS-038digi,C'est La Vie,3,0.014439560000000000,Spotify,,,DK,track,digital
2020-06-17,sddigital,SS-038,Agrim Agadez,SS-038digi,C'est La Vie,44,0.170418440000000000,Spotify,,,DE,track,digital
2020-06-17,sddigital,SS-038,Agrim Agadez,SS-038digi,C'est La Vie,1,0.001502330000000000,Spotify,,,TR,track,digital
2020-06-17,sddigital,SS-038,Agrim Agadez,SS-038digi,C'est La Vie,4,0.017188520000000000,Spotify,,,CH,track,digital
2020-06-17,sddigital,SS-038,Agrim Agadez,SS-038digi,C'est La Vie,7,0.027484530000000000,Spotify,,,BE,track,digital
2020-06-17,sddigital,SS-038,Agrim Agadez,SS-038digi,C'est La Vie,12,0.001246670000000000,Youtube,,,DE,track,digital
2020-06-17,sddigital,SS-038,Agrim Agadez,SS-038digi,C'est La Vie,7,0.000935210000000000,Youtube,,,FR,track,digital
2020-06-17,sddigital,SS-038,Agrim Agadez,SS-038digi,C'est La Vie,10,0.031290750000000000,Spotify,,,NL,track,digital
2020-06-17,sddigital,SS-038,Agrim Agadez,SS-038digi,C'est La Vie,2,0.009466170000000000,Spotify,,,LU,track,digital
2020-06-17,sddigital,SS-038,Agrim Agadez,SS-038digi,C'est La Vie,2,0.003319750000000000,Deezer,,,TR,track,digital
2020-06-17,sddigital,SS-038,Agrim Agadez,SS-038digi,C'est La Vie,1,0.000935380000000000,Deezer,,,CA,track,digital
2020-06-17,sddigital,SS-038,Agrim Agadez,SS-038digi,C'est La Vie,1,0.007438830000000000,Google Play,,,FR,track,digital
2020-06-17,sddigital,SS-038,Agrim Agadez,SS-038digi,C'est La Vie,2,0.010025500000000000,Deezer,,,BE,track,digital
2020-06-17,sddigital,SS-038,Agrim Agadez,SS-038digi,C'est La Vie,5,0.014670460000000000,Deezer,,,FR,track,digital
2020-06-17,sddigital,SS-038,Agrim Agadez,SS-038digi,C'est La Vie,2,0.000782830000000000,Youtube,,,GB,track,digital
2020-06-17,sddigital,SS-038,Agrim Agadez,SS-038digi,C'est La Vie,1,0.002997360000000000,Youtube,,,GR,track,digital
2020-06-17,sddigital,SS-038,Agrim Agadez,SS-038digi,C'est La Vie,2,0.002208670000000000,Youtube,,,IT,track,digital
2020-06-17,sddigital,SS-038,Agrim Agadez,SS-038digi,C'est La Vie,8,0.097195520000000000,Youtube,,,US,track,digital
2020-06-17,sddigital,SS-038,Agrim Agadez,SS-038digi,C'est La Vie,1,0.000561790000000000,Youtube,,,BR,track,digital
2020-06-17,sddigital,SS-038,Agrim Agadez,SS-038digi,C'est La Vie,11,0.032368470000000000,Spotify,,,SE,track,digital
2020-06-17,sddigital,SS-038,Agrim Agadez,SS-038digi,C'est La Vie,20,0.045924570000000000,Spotify,,,PL,track,digital
2020-06-17,sddigital,SS-038,Agrim Agadez,SS-038digi,C'est La Vie,1,0.002043170000000000,Spotify,,,NO,track,digital
2020-06-18,sddigital,SS-038,Agrim Agadez,SS-038digi,C'est La Vie,1,0.003395840000000000,ITunes,,,CA,track,digital
2020-06-19,sddigital,SS-038,Agrim Agadez,SS-038digi,C'est La Vie,3,0.011735880000000000,ITunes,,,IL,track,digital
2020-06-19,sddigital,SS-038,Agrim Agadez,SS-038digi,C'est La Vie,1,0.009063740000000000,ITunes,,,FR,track,digital
2020-06-19,sddigital,SS-038,Agrim Agadez,SS-038digi,C'est La Vie,1,0.007847190000000000,ITunes,,,IE,track,digital
2020-06-19,sddigital,SS-038,Agrim Agadez,SS-038digi,C'est La Vie,3,0.012976930000000000,ITunes,,,US,track,digital
2020-06-19,sddigital,SS-038,Agrim Agadez,SS-038digi,C'est La Vie,12,0.098817420000000000,ITunes,,,US,track,digital
2020-06-19,sddigital,SS-038,Agrim Agadez,SS-038digi,C'est La Vie,1,0.594998910000000000,ITunes,,,US,track,digital
2020-06-19,sddigital,SS-038,Agrim Agadez,SS-038digi,C'est La Vie,1,0.007334910000000000,ITunes,,,JP,track,digital
2020-06-19,sddigital,SS-038,Agrim Agadez,SS-038digi,C'est La Vie,23,0.168703010000000000,ITunes,,,JP,track,digital
2020-06-19,sddigital,SS-038,Agrim Agadez,SS-038digi,C'est La Vie,1,0.000482710000000000,ITunes,,,AT,track,digital
2020-06-19,bandcamp,SS-038,Agrim Agadez,SS-038digi,,1,0.692000000000000000,,Gouldsboro,PA,US,album,digital
2020-06-19,bandcamp,SS-038,Agrim Agadez,SS-038digi,,1,0.675000000000000000,,Oakland,CA,US,album,digital
2020-06-19,sddigital,SS-038,Agrim Agadez,SS-038digi,C'est La Vie,4,0.051266390000000000,ITunes,,,GB,track,digital
2020-06-19,sddigital,SS-038,Agrim Agadez,SS-038digi,C'est La Vie,1,0.000481710000000000,ITunes,,,US,track,digital
2020-06-20,bandcamp,SS-038,Agrim Agadez,SS-038digi,,1,0.675000000000000000,,Oakland,CA,US,album,digital
2020-06-20,bandcamp,SS-038,Agrim Agadez,SS-038lp,,1,0.976000000000000000,,San Francisco,CA,US,album,physical
2020-06-21,shopify,SS-038,Agrim Agadez,SS-038lp,,1,0.989000000000000000,,Portland,Oregon,United States,album,physical
2020-06-24,quickbooks,SS-038,Agrim Agadez,SS-038lp,,2,2.000000000000000000,Ace Hotel,,,,album,physical
2020-06-24,sddigital,SS-038,Agrim Agadez,SS-038digi,C'est La Vie,1,0.015867160000000000,Amazon International,,,ES,track,digital
2020-06-24,quickbooks,SS-038,Agrim Agadez,SS-038lp,,1,1.000000000000000000,Get Together LA,,,,album,physical
2020-06-24,sddigital,SS-038,Agrim Agadez,SS-038digi,C'est La Vie,2,0.021494700000000000,Amazon International,,,IT,track,digital
2020-06-25,sddigital,SS-038,Agrim Agadez,SS-038digi,C'est La Vie,2,0.003213090000000000,Amazon International,,,DE,track,digital
2020-06-26,sddigital,SS-038,Agrim Agadez,SS-038digi,C'est La Vie,25,0.159852700000000000,TIDAL Music AS,,,US,track,digital
2020-06-26,bandcamp,SS-038,Agrim Agadez,SS-038digi,,1,0.833000000000000000,,Acton,Ealing,GB,album,digital
2020-06-26,sddigital,SS-038,Agrim Agadez,SS-038digi,C'est La Vie,2,0.015765800000000000,TIDAL Music AS,,,AT,track,digital
2020-06-26,sddigital,SS-038,Agrim Agadez,SS-038digi,C'est La Vie,4,0.016582650000000000,TIDAL Music AS,,,IT,track,digital
2020-06-26,sddigital,SS-038,Agrim Agadez,SS-038digi,C'est La Vie,1,0.005552200000000000,TIDAL Music AS,,,AU,track,digital
2020-06-26,sddigital,SS-038,Agrim Agadez,SS-038digi,C'est La Vie,1,0.003637150000000000,TIDAL Music AS,,,HU,track,digital
2020-06-26,sddigital,SS-038,Agrim Agadez,SS-038digi,C'est La Vie,4,0.008510200000000000,TIDAL Music AS,,,MX,track,digital
2020-06-26,sddigital,SS-038,Agrim Agadez,SS-038digi,C'est La Vie,1,0.005955100000000000,TIDAL Music AS,,,NZ,track,digital
2020-06-26,sddigital,SS-038,Agrim Agadez,SS-038digi,C'est La Vie,1,0.007231800000000000,TIDAL Music AS,,,CH,track,digital
2020-06-26,sddigital,SS-038,Agrim Agadez,SS-038digi,C'est La Vie,1,0.007445150000000000,TIDAL Music AS,,,BE,track,digital
2020-06-26,sddigital,SS-038,Agrim Agadez,SS-038digi,C'est La Vie,4,0.026349150000000000,TIDAL Music AS,,,GB,track,digital
2020-06-26,sddigital,SS-038,Agrim Agadez,SS-038digi,C'est La Vie,6,0.025392900000000000,TIDAL Music AS,,,CA,track,digital
2020-06-26,sddigital,SS-038,Agrim Agadez,SS-038digi,C'est La Vie,5,0.038054500000000000,TIDAL Music AS,,,NO,track,digital
2020-06-26,sddigital,SS-038,Agrim Agadez,SS-038digi,C'est La Vie,3,0.003233400000000000,TIDAL Music AS,,,BR,track,digital
2020-06-26,sddigital,SS-038,Agrim Agadez,SS-038digi,C'est La Vie,1,0.005302300000000000,TIDAL Music AS,,,FR,track,digital
2020-06-26,sddigital,SS-038,Agrim Agadez,SS-038digi,C'est La Vie,2,0.002309450000000000,TIDAL Music AS,,,TR,track,digital
2020-06-26,sddigital,SS-038,Agrim Agadez,SS-038digi,C'est La Vie,3,0.015677400000000000,TIDAL Music AS,,,IL,track,digital
2020-06-26,sddigital,SS-038,Agrim Agadez,SS-038digi,C'est La Vie,4,0.033196750000000000,TIDAL Music AS,,,DK,track,digital
2020-06-26,sddigital,SS-038,Agrim Agadez,SS-038digi,C'est La Vie,5,0.028458000000000000,TIDAL Music AS,,,DE,track,digital
2020-06-26,sddigital,SS-038,Agrim Agadez,SS-038digi,C'est La Vie,5,0.009944150000000000,TIDAL Music AS,,,PL,track,digital
2020-06-30,quickbooks,SS-038,Agrim Agadez,SS-038lp,,9,9.000000000000000000,Tour – Les Filles de Illighadad,,,,album,physical
2020-06-30,sddigital,SS-038,Agrim Agadez,SS-038digi,C'est La Vie,2,0.019192150000000000,Amazon USA,,,US,track,digital
2020-06-30,sdphysical,SS-038,Agrim Agadez,SS-038lp,,1,0.889600000000000000,AMPED Distribution,,,US,album,physical
