2020-07-01,sds,SS-029digi
2020-07-01,sds,SS-029digi
2020-07-01,sds,SS-029digi
2020-07-01,sds,SS-029digi
2020-07-01,sds,SS-029digi
2020-07-01,sds,SS-029digi
2020-07-01,sds,SS-029digi
2020-07-01,sds,SS-029digi
2020-07-01,sds,SS-029digi
2020-07-01,sds,SS-029digi
2020-07-01,sds,SS-029digi
2020-07-01,sds,SS-029digi
2020-07-01,sds,SS-029digi
2020-07-01,sds,SS-029digi
2020-07-01,sds,SS-029digi
2020-07-01,sds,SS-029digi
2020-07-01,sds,SS-029digi
2020-07-01,sds,SS-029digi
2020-07-01,sds,SS-029digi
2020-07-01,sds,SS-029digi
2020-07-03,bandcamp,SS-001digi
2020-07-03,bandcamp,SS-008digi
2020-07-03,bandcamp,SS-029digi
2020-07-03,bandcamp,SS-029digi
2020-07-03,bandcamp,SS-029digi
2020-07-03,bandcamp,SS-029digi
2020-07-03,bandcamp,SS-029digi
2020-07-03,bandcamp,SS-001digi
2020-07-03,bandcamp,SS-029digi
2020-07-03,bandcamp,SS-029digi
2020-07-03,bandcamp,SS-008digi
2020-07-03,bandcamp,SS-008digi
2020-07-03,bandcamp,SS-029digi
2020-07-03,bandcamp,SS-001digi
2020-07-03,bandcamp,SS-029digi
2020-07-03,bandcamp,SS-001digi
2020-07-03,bandcamp,SS-001digi
2020-07-03,bandcamp,SS-001digi
2020-07-03,bandcamp,SS-008digi
2020-07-03,bandcamp,SS-029digi
2020-07-03,bandcamp,SS-008digi
2020-07-03,bandcamp,SS-008digi
2020-07-03,bandcamp,SS-001digi
2020-07-03,bandcamp,SS-008digi
2020-07-03,bandcamp,SS-001digi
2020-07-03,bandcamp,SS-001digi
2020-07-03,bandcamp,SS-029digi
2020-07-03,bandcamp,SS-001digi
2020-07-03,bandcamp,SS-001digi
2020-07-03,bandcamp,SS-008digi
2020-07-03,bandcamp,SS-029digi
2020-07-03,bandcamp,SS-029digi
2020-07-03,bandcamp,SS-029digi
2020-07-03,bandcamp,SS-029digi
2020-07-03,bandcamp,SS-029digi
2020-07-03,bandcamp,SS-029digi
2020-07-03,bandcamp,SS-008digi
2020-07-03,bandcamp,SS-001digi
2020-07-03,bandcamp,SS-001digi
2020-07-03,bandcamp,SS-029digi
2020-07-03,bandcamp,SS-029digi
2020-07-03,bandcamp,SS-001digi
2020-07-03,bandcamp,SS-029digi
2020-07-03,bandcamp,SS-008digi
2020-07-03,bandcamp,SS-001digi
2020-07-03,bandcamp,SS-008digi
2020-07-03,bandcamp,SS-001digi
2020-07-03,bandcamp,SS-029digi
2020-07-03,bandcamp,SS-008digi
2020-07-03,bandcamp,SS-029digi
2020-07-03,bandcamp,SS-001digi
2020-07-03,bandcamp,SS-008digi
2020-07-03,bandcamp,SS-001digi
2020-07-03,bandcamp,SS-029digi
2020-07-03,bandcamp,SS-029digi
2020-07-03,bandcamp,SS-029digi
2020-07-03,bandcamp,SS-001digi
2020-07-03,bandcamp,SS-008digi
2020-07-03,bandcamp,SS-001digi
2020-07-04,bandcamp,SS-001digi
2020-07-04,bandcamp,SS-008digi
2020-07-04,bandcamp,SS-008digi
2020-07-04,bandcamp,SS-001digi
2020-07-04,bandcamp,SS-001digi
2020-07-04,bandcamp,SS-029digi
2020-07-04,bandcamp,SS-029digi
2020-07-04,bandcamp,SS-029digi
2020-07-04,bandcamp,SS-001digi
2020-07-04,bandcamp,SS-029digi
2020-07-04,bandcamp,SS-001digi
2020-07-04,bandcamp,SS-008digi
2020-07-04,bandcamp,SS-029digi
2020-07-07,sddigital,SS-001digi
2020-07-07,bandcamp,SS-029digi
2020-07-08,bandcamp,SS-001digi
2020-07-08,sddigital,SS-001digi
2020-07-09,sddigital,SS-001digi
2020-07-09,sddigital,SS-001digi
2020-07-09,sddigital,SS-001digi
2020-07-09,sddigital,SS-001digi
2020-07-09,sddigital,SS-001digi
2020-07-09,sddigital,SS-008digi
2020-07-09,sddigital,SS-001digi
2020-07-09,sddigital,SS-001digi
2020-07-09,sddigital,SS-001digi
2020-07-09,sddigital,SS-001digi
2020-07-09,sddigital,SS-001digi
2020-07-09,sddigital,SS-001digi
2020-07-09,sddigital,SS-001digi
2020-07-09,sddigital,SS-001digi
2020-07-09,sddigital,SS-001digi
2020-07-09,sddigital,SS-001digi
2020-07-09,sddigital,SS-001digi
2020-07-09,sddigital,SS-001digi
2020-07-09,sddigital,SS-001digi
2020-07-09,sddigital,SS-001digi
2020-07-09,sddigital,SS-001digi
2020-07-09,sddigital,SS-001digi
2020-07-09,sddigital,SS-001digi
2020-07-09,sddigital,SS-001digi
2020-07-09,sddigital,SS-001digi
2020-07-09,sddigital,SS-001digi
2020-07-09,sddigital,SS-001digi
2020-07-09,sddigital,SS-001digi
2020-07-09,sddigital,SS-001digi
2020-07-09,sddigital,SS-001digi
2020-07-09,sddigital,SS-029digi
2020-07-09,sddigital,SS-029digi
2020-07-09,sddigital,SS-029digi
2020-07-09,sddigital,SS-029digi
2020-07-09,sddigital,SS-008digi
2020-07-09,sddigital,SS-008digi
2020-07-09,sddigital,SS-008digi
2020-07-09,sddigital,SS-029digi
2020-07-09,sddigital,SS-029digi
2020-07-09,sddigital,SS-029digi
2020-07-09,sddigital,SS-029digi
2020-07-09,sddigital,SS-029digi
2020-07-09,sddigital,SS-029digi
2020-07-09,sddigital,SS-029digi
2020-07-09,sddigital,SS-029digi
2020-07-09,sddigital,SS-029digi
2020-07-09,sddigital,SS-029digi
2020-07-09,sddigital,SS-029digi
2020-07-09,sddigital,SS-029digi
2020-07-09,sddigital,SS-029digi
2020-07-09,sddigital,SS-029digi
2020-07-09,sddigital,SS-029digi
2020-07-09,sddigital,SS-029digi
2020-07-09,sddigital,SS-029digi
2020-07-09,sddigital,SS-029digi
2020-07-09,sddigital,SS-029digi
2020-07-09,sddigital,SS-029digi
2020-07-09,sddigital,SS-029digi
2020-07-09,sddigital,SS-029digi
2020-07-09,sddigital,SS-029digi
2020-07-09,sddigital,SS-029digi
2020-07-09,sddigital,SS-029digi
2020-07-09,sddigital,SS-029digi
2020-07-09,sddigital,SS-029digi
2020-07-09,sddigital,SS-029digi
2020-07-09,sddigital,SS-029digi
2020-07-09,sddigital,SS-029digi
2020-07-09,sddigital,SS-029digi
2020-07-09,sddigital,SS-008digi
2020-07-12,bandcamp,SS-029digi
2020-07-15,sddigital,SS-001digi
2020-07-15,sddigital,SS-029digi
2020-07-16,sddigital,SS-029digi
2020-07-16,sddigital,SS-029digi
2020-07-16,sddigital,SS-029digi
2020-07-16,sddigital,SS-029digi
2020-07-16,sddigital,SS-029digi
2020-07-16,sddigital,SS-029digi
2020-07-16,sddigital,SS-029digi
2020-07-16,sddigital,SS-029digi
2020-07-16,sddigital,SS-029digi
2020-07-16,sddigital,SS-029digi
2020-07-16,sddigital,SS-029digi
2020-07-16,sddigital,SS-029digi
2020-07-16,sddigital,SS-029digi
2020-07-16,sddigital,SS-029digi
2020-07-16,sddigital,SS-029digi
2020-07-16,sddigital,SS-029digi
2020-07-16,sddigital,SS-029digi
2020-07-16,sddigital,SS-029digi
2020-07-16,sddigital,SS-029digi
2020-07-16,sddigital,SS-029digi
2020-07-16,sddigital,SS-029digi
2020-07-16,sddigital,SS-029digi
2020-07-16,sddigital,SS-029digi
2020-07-16,sddigital,SS-008digi
2020-07-16,sddigital,SS-008digi
2020-07-16,sddigital,SS-008digi
2020-07-16,sddigital,SS-008digi
2020-07-16,sddigital,SS-008digi
2020-07-16,sddigital,SS-029digi
2020-07-16,sddigital,SS-029digi
2020-07-16,sddigital,SS-008digi
2020-07-16,sddigital,SS-029digi
2020-07-16,sddigital,SS-029digi
2020-07-16,sddigital,SS-029digi
2020-07-16,sddigital,SS-029digi
2020-07-16,sddigital,SS-029digi
2020-07-16,sddigital,SS-029digi
2020-07-16,sddigital,SS-029digi
2020-07-16,sddigital,SS-029digi
2020-07-16,sddigital,SS-029digi
2020-07-16,sddigital,SS-029digi
2020-07-16,sddigital,SS-001digi
2020-07-16,sddigital,SS-001digi
2020-07-16,sddigital,SS-001digi
2020-07-16,sddigital,SS-001digi
2020-07-16,sddigital,SS-001digi
2020-07-16,sddigital,SS-001digi
2020-07-16,sddigital,SS-001digi
2020-07-16,sddigital,SS-001digi
2020-07-16,sddigital,SS-001digi
2020-07-16,sddigital,SS-001digi
2020-07-16,sddigital,SS-001digi
2020-07-16,sddigital,SS-001digi
2020-07-16,sddigital,SS-001digi
2020-07-16,sddigital,SS-001digi
2020-07-16,sddigital,SS-001digi
2020-07-16,sddigital,SS-001digi
2020-07-16,sddigital,SS-001digi
2020-07-16,sddigital,SS-001digi
2020-07-16,sddigital,SS-001digi
2020-07-16,sddigital,SS-001digi
2020-07-16,sddigital,SS-001digi
2020-07-16,sddigital,SS-001digi
2020-07-16,sddigital,SS-001digi
2020-07-16,sddigital,SS-001digi
2020-07-16,sddigital,SS-001digi
2020-07-16,sddigital,SS-001digi
2020-07-16,sddigital,SS-001digi
2020-07-16,sddigital,SS-001digi
2020-07-16,sddigital,SS-001digi
2020-07-16,sddigital,SS-001digi
2020-07-16,sddigital,SS-001digi
2020-07-16,sddigital,SS-001digi
2020-07-16,sddigital,SS-001digi
2020-07-16,sddigital,SS-001digi
2020-07-16,sddigital,SS-029digi
2020-07-16,sddigital,SS-029digi
2020-07-16,sddigital,SS-029digi
2020-07-16,sddigital,SS-029digi
2020-07-16,sddigital,SS-029digi
2020-07-16,sddigital,SS-029digi
2020-07-16,sddigital,SS-029digi
2020-07-16,sddigital,SS-029digi
2020-07-16,sddigital,SS-029digi
2020-07-16,sddigital,SS-029digi
2020-07-16,sddigital,SS-029digi
2020-07-16,sddigital,SS-029digi
2020-07-16,sddigital,SS-029digi
2020-07-16,sddigital,SS-029digi
2020-07-16,sddigital,SS-029digi
2020-07-16,sddigital,SS-029digi
2020-07-16,sddigital,SS-029digi
2020-07-16,sddigital,SS-029digi
2020-07-16,sddigital,SS-029digi
2020-07-16,sddigital,SS-029digi
2020-07-16,sddigital,SS-029digi
2020-07-17,sddigital,SS-008digi
2020-07-20,sddigital,SS-029digi
2020-07-20,sddigital,SS-029digi
2020-07-20,sddigital,SS-029digi
2020-07-20,sddigital,SS-029digi
2020-07-20,sddigital,SS-029digi
2020-07-20,sddigital,SS-001digi
2020-07-20,sddigital,SS-001digi
2020-07-21,sddigital,SS-029digi
2020-07-21,sddigital,SS-029digi
2020-07-21,sddigital,SS-029digi
2020-07-22,sddigital,SS-008digi
2020-07-22,sddigital,SS-029digi
2020-07-22,sddigital,SS-029digi
2020-07-22,sddigital,SS-029digi
2020-07-22,sddigital,SS-029digi
2020-07-22,sddigital,SS-001digi
2020-07-22,sddigital,SS-001digi
2020-07-24,sddigital,SS-001digi
2020-07-24,sddigital,SS-001digi
2020-07-24,sddigital,SS-001digi
2020-07-24,sddigital,SS-001digi
2020-07-24,sddigital,SS-001digi
2020-07-24,sddigital,SS-029digi
2020-07-24,sddigital,SS-029digi
2020-07-24,sddigital,SS-029digi
2020-07-24,sddigital,SS-029digi
2020-07-24,sddigital,SS-029digi
2020-07-24,sddigital,SS-029digi
2020-07-24,sddigital,SS-029digi
2020-07-24,sddigital,SS-029digi
2020-07-24,sddigital,SS-029digi
2020-07-24,sddigital,SS-029digi
2020-07-24,sddigital,SS-029digi
2020-07-24,sddigital,SS-008digi
2020-07-24,sddigital,SS-029digi
2020-07-24,sddigital,SS-029digi
2020-07-24,sddigital,SS-029digi
2020-07-24,sddigital,SS-029digi
2020-07-24,sddigital,SS-029digi
2020-07-24,sddigital,SS-029digi
2020-07-25,sddigital,SS-029digi
2020-07-25,sddigital,SS-001digi
2020-07-25,sddigital,SS-001digi
2020-07-25,sddigital,SS-001digi
2020-07-25,sddigital,SS-001digi
2020-07-25,sddigital,SS-001digi
2020-07-25,sddigital,SS-001digi
2020-07-25,sddigital,SS-001digi
2020-07-25,sddigital,SS-001digi
2020-07-25,sddigital,SS-001digi
2020-07-25,sddigital,SS-029digi
2020-07-25,sddigital,SS-008digi
2020-07-25,sddigital,SS-008digi
2020-07-25,sddigital,SS-029digi
2020-07-25,sddigital,SS-029digi
2020-07-25,sddigital,SS-029digi
2020-07-25,sddigital,SS-029digi
2020-07-25,sddigital,SS-029digi
2020-07-25,sddigital,SS-029digi
2020-07-25,sddigital,SS-029digi
2020-07-25,sddigital,SS-029digi
2020-07-25,sddigital,SS-029digi
2020-07-25,sddigital,SS-029digi
2020-07-25,sddigital,SS-029digi
2020-07-25,sddigital,SS-029digi
2020-07-25,sddigital,SS-029digi
2020-07-25,sddigital,SS-029digi
2020-07-25,sddigital,SS-029digi
2020-07-25,sddigital,SS-029digi
2020-07-25,sddigital,SS-029digi
2020-07-25,sddigital,SS-029digi
2020-07-25,sddigital,SS-029digi
2020-07-25,sddigital,SS-029digi
2020-07-25,sddigital,SS-029digi
2020-07-25,sddigital,SS-029digi
2020-07-25,sddigital,SS-029digi
2020-07-25,sddigital,SS-029digi
2020-07-25,sddigital,SS-029digi
2020-07-25,sddigital,SS-029digi
2020-07-25,sddigital,SS-029digi
2020-07-25,sddigital,SS-029digi
2020-07-25,sddigital,SS-029digi
2020-07-25,sddigital,SS-029digi
2020-07-25,sddigital,SS-029digi
2020-07-25,sddigital,SS-029digi
2020-07-25,sddigital,SS-029digi
2020-07-25,sddigital,SS-029digi
2020-07-25,sddigital,SS-029digi
2020-07-25,sddigital,SS-029digi
2020-07-25,sddigital,SS-029digi
2020-07-25,sddigital,SS-029digi
2020-07-25,sddigital,SS-029digi
2020-07-25,sddigital,SS-029digi
2020-07-25,sddigital,SS-029digi
2020-07-25,sddigital,SS-029digi
2020-07-25,sddigital,SS-029digi
2020-07-25,sddigital,SS-029digi
2020-07-25,sddigital,SS-029digi
2020-07-25,sddigital,SS-029digi
2020-07-25,sddigital,SS-029digi
2020-07-25,sddigital,SS-029digi
2020-07-25,sddigital,SS-029digi
2020-07-27,sddigital,SS-001digi
2020-07-27,sddigital,SS-001digi
2020-07-27,sddigital,SS-001digi
2020-07-28,sddigital,SS-029digi
2020-07-29,sddigital,SS-008digi
2020-07-29,sddigital,SS-001digi
2020-07-29,sddigital,SS-001digi
2020-07-29,sddigital,SS-001digi
2020-07-29,sddigital,SS-001digi
2020-07-30,sddigital,SS-001digi
2020-07-30,sddigital,SS-001digi
2020-07-30,sddigital,SS-029digi
2020-07-30,sddigital,SS-029digi
2020-07-30,sddigital,SS-029digi
2020-07-30,sddigital,SS-029digi
2020-07-30,sddigital,SS-008digi
2020-07-30,sddigital,SS-029digi
2020-07-30,sddigital,SS-029digi
2020-07-30,sddigital,SS-029digi
2020-07-30,sddigital,SS-029digi
2020-07-30,sddigital,SS-029digi
2020-07-31,bandcamp,SS-029digi
2020-08-01,bandcamp,SS-029digi
2020-08-01,sds,SS-029digi
2020-08-01,sds,SS-029digi
2020-08-01,sds,SS-029digi
2020-08-01,sds,SS-029digi
2020-08-01,sds,SS-029digi
2020-08-01,sds,SS-029digi
2020-08-01,sds,SS-029digi
2020-08-01,sds,SS-029digi
2020-08-01,sds,SS-029digi
2020-08-01,sds,SS-029digi
2020-08-07,sddigital,SS-029digi
2020-08-07,bandcamp,SS-008digi
2020-08-07,bandcamp,SS-029digi
2020-08-07,bandcamp,SS-001digi
2020-08-07,bandcamp,SS-001digi
2020-08-07,bandcamp,SS-001digi
2020-08-07,bandcamp,SS-029digi
2020-08-07,bandcamp,SS-008digi
2020-08-07,bandcamp,SS-001digi
2020-08-07,bandcamp,SS-001digi
2020-08-07,bandcamp,SS-001digi
2020-08-07,bandcamp,SS-008digi
2020-08-07,bandcamp,SS-008digi
2020-08-07,bandcamp,SS-029digi
2020-08-07,bandcamp,SS-008digi
2020-08-07,bandcamp,SS-008digi
2020-08-07,bandcamp,SS-001digi
2020-08-07,bandcamp,SS-008digi
2020-08-07,bandcamp,SS-029digi
2020-08-07,bandcamp,SS-001digi
2020-08-07,bandcamp,SS-008digi
2020-08-07,bandcamp,SS-001digi
2020-08-07,bandcamp,SS-008digi
2020-08-08,bandcamp,SS-029digi
2020-08-08,bandcamp,SS-008digi
2020-08-08,bandcamp,SS-001digi
2020-08-08,bandcamp,SS-001digi
2020-08-08,bandcamp,SS-029digi
2020-08-08,bandcamp,SS-001digi
2020-08-08,bandcamp,SS-008digi
2020-08-08,bandcamp,SS-029digi
2020-08-08,bandcamp,SS-001digi
2020-08-08,bandcamp,SS-008digi
2020-08-08,bandcamp,SS-008digi
2020-08-08,bandcamp,SS-001digi
2020-08-08,bandcamp,SS-008digi
2020-08-08,bandcamp,SS-001digi
2020-08-11,sddigital,SS-029digi
2020-08-11,sddigital,SS-029digi
2020-08-11,sddigital,SS-029digi
2020-08-11,sddigital,SS-029digi
2020-08-11,sddigital,SS-029digi
2020-08-11,sddigital,SS-029digi
2020-08-11,sddigital,SS-029digi
2020-08-11,sddigital,SS-029digi
2020-08-11,sddigital,SS-029digi
2020-08-11,sddigital,SS-029digi
2020-08-11,sddigital,SS-029digi
2020-08-11,sddigital,SS-029digi
2020-08-11,sddigital,SS-029digi
2020-08-11,sddigital,SS-029digi
2020-08-11,sddigital,SS-001digi
2020-08-11,sddigital,SS-008digi
2020-08-11,sddigital,SS-001digi
2020-08-11,sddigital,SS-001digi
2020-08-11,sddigital,SS-001digi
2020-08-11,sddigital,SS-001digi
2020-08-11,sddigital,SS-001digi
2020-08-12,bandcamp,SS-029digi
2020-08-14,sddigital,SS-029digi
2020-08-14,sddigital,SS-029digi
2020-08-14,sddigital,SS-029digi
2020-08-14,sddigital,SS-029digi
2020-08-14,sddigital,SS-008digi
2020-08-14,sddigital,SS-029digi
2020-08-14,sddigital,SS-029digi
2020-08-14,sddigital,SS-029digi
2020-08-14,sddigital,SS-029digi
2020-08-14,sddigital,SS-029digi
2020-08-16,sddigital,SS-029digi
2020-08-16,sddigital,SS-029digi
2020-08-16,sddigital,SS-029digi
2020-08-16,sddigital,SS-029digi
2020-08-16,sddigital,SS-029digi
2020-08-16,sddigital,SS-029digi
2020-08-16,sddigital,SS-029digi
2020-08-16,sddigital,SS-029digi
2020-08-16,sddigital,SS-029digi
2020-08-16,sddigital,SS-029digi
2020-08-16,sddigital,SS-029digi
2020-08-16,sddigital,SS-029digi
2020-08-16,sddigital,SS-029digi
2020-08-16,sddigital,SS-029digi
2020-08-16,sddigital,SS-029digi
2020-08-16,sddigital,SS-029digi
2020-08-16,sddigital,SS-029digi
2020-08-16,sddigital,SS-029digi
2020-08-16,sddigital,SS-029digi
2020-08-16,sddigital,SS-029digi
2020-08-16,sddigital,SS-029digi
2020-08-16,sddigital,SS-029digi
2020-08-16,sddigital,SS-029digi
2020-08-16,sddigital,SS-029digi
2020-08-16,sddigital,SS-029digi
2020-08-16,sddigital,SS-029digi
2020-08-16,sddigital,SS-029digi
2020-08-16,sddigital,SS-029digi
2020-08-16,sddigital,SS-029digi
2020-08-16,sddigital,SS-029digi
2020-08-16,sddigital,SS-029digi
2020-08-16,sddigital,SS-029digi
2020-08-16,sddigital,SS-029digi
2020-08-16,sddigital,SS-029digi
2020-08-16,sddigital,SS-029digi
2020-08-16,sddigital,SS-029digi
2020-08-16,sddigital,SS-029digi
2020-08-16,sddigital,SS-029digi
2020-08-16,sddigital,SS-029digi
2020-08-16,sddigital,SS-029digi
2020-08-16,sddigital,SS-029digi
2020-08-16,sddigital,SS-029digi
2020-08-16,sddigital,SS-029digi
2020-08-16,sddigital,SS-029digi
2020-08-16,sddigital,SS-029digi
2020-08-16,sddigital,SS-029digi
2020-08-16,sddigital,SS-029digi
2020-08-16,sddigital,SS-029digi
2020-08-16,sddigital,SS-029digi
2020-08-16,sddigital,SS-008digi
2020-08-16,sddigital,SS-008digi
2020-08-16,sddigital,SS-008digi
2020-08-16,sddigital,SS-008digi
2020-08-16,sddigital,SS-008digi
2020-08-16,sddigital,SS-001digi
2020-08-16,sddigital,SS-001digi
2020-08-16,sddigital,SS-001digi
2020-08-16,sddigital,SS-001digi
2020-08-16,sddigital,SS-001digi
2020-08-16,sddigital,SS-001digi
2020-08-16,sddigital,SS-001digi
2020-08-16,sddigital,SS-001digi
2020-08-16,sddigital,SS-001digi
2020-08-16,sddigital,SS-001digi
2020-08-16,sddigital,SS-001digi
2020-08-16,sddigital,SS-001digi
2020-08-16,sddigital,SS-001digi
2020-08-16,sddigital,SS-001digi
2020-08-16,sddigital,SS-001digi
2020-08-16,sddigital,SS-001digi
2020-08-16,sddigital,SS-001digi
2020-08-16,sddigital,SS-001digi
2020-08-16,sddigital,SS-001digi
2020-08-16,sddigital,SS-001digi
2020-08-16,sddigital,SS-001digi
2020-08-16,sddigital,SS-001digi
2020-08-16,sddigital,SS-001digi
2020-08-16,sddigital,SS-001digi
2020-08-16,sddigital,SS-001digi
2020-08-16,sddigital,SS-001digi
2020-08-16,sddigital,SS-001digi
2020-08-16,sddigital,SS-001digi
2020-08-16,sddigital,SS-001digi
2020-08-17,sddigital,SS-001digi
2020-08-17,sddigital,SS-001digi
2020-08-17,bandcamp,SS-029digi
2020-08-17,sddigital,SS-029digi
2020-08-18,sddigital,SS-029digi
2020-08-18,sddigital,SS-029digi
2020-08-18,sddigital,SS-029digi
2020-08-18,sddigital,SS-029digi
2020-08-18,sddigital,SS-029digi
2020-08-18,sddigital,SS-029digi
2020-08-18,sddigital,SS-029digi
2020-08-18,sddigital,SS-029digi
2020-08-18,sddigital,SS-001digi
2020-08-18,sddigital,SS-008digi
2020-08-18,sddigital,SS-001digi
2020-08-19,sddigital,SS-008digi
2020-08-19,sddigital,SS-001digi
2020-08-19,sddigital,SS-001digi
2020-08-19,sddigital,SS-029digi
2020-08-19,sddigital,SS-029digi
2020-08-19,sddigital,SS-029digi
2020-08-19,sddigital,SS-029digi
2020-08-19,sddigital,SS-029digi
2020-08-19,sddigital,SS-029digi
2020-08-19,sddigital,SS-029digi
2020-08-19,sddigital,SS-029digi
2020-08-19,sddigital,SS-029digi
2020-08-19,sddigital,SS-029digi
2020-08-19,sddigital,SS-029digi
2020-08-19,sddigital,SS-029digi
2020-08-19,sddigital,SS-029digi
2020-08-19,sddigital,SS-029digi
2020-08-19,sddigital,SS-029digi
2020-08-19,sddigital,SS-029digi
2020-08-19,sddigital,SS-029digi
2020-08-19,sddigital,SS-029digi
2020-08-19,sddigital,SS-029digi
2020-08-19,sddigital,SS-029digi
2020-08-19,sddigital,SS-029digi
2020-08-20,sddigital,SS-029digi
2020-08-20,sddigital,SS-029digi
2020-08-20,sddigital,SS-029digi
2020-08-20,sddigital,SS-029digi
2020-08-20,sddigital,SS-029digi
2020-08-20,sddigital,SS-029digi
2020-08-20,sddigital,SS-029digi
2020-08-20,sddigital,SS-029digi
2020-08-20,sddigital,SS-029digi
2020-08-20,sddigital,SS-029digi
2020-08-20,sddigital,SS-029digi
2020-08-20,sddigital,SS-029digi
2020-08-20,sddigital,SS-029digi
2020-08-20,sddigital,SS-029digi
2020-08-20,sddigital,SS-029digi
2020-08-20,sddigital,SS-029digi
2020-08-20,sddigital,SS-029digi
2020-08-20,sddigital,SS-029digi
2020-08-20,sddigital,SS-029digi
2020-08-20,sddigital,SS-029digi
2020-08-20,sddigital,SS-029digi
2020-08-20,sddigital,SS-029digi
2020-08-20,sddigital,SS-029digi
2020-08-20,sddigital,SS-029digi
2020-08-20,sddigital,SS-029digi
2020-08-20,sddigital,SS-029digi
2020-08-20,sddigital,SS-029digi
2020-08-20,sddigital,SS-029digi
2020-08-20,sddigital,SS-029digi
2020-08-20,sddigital,SS-029digi
2020-08-20,sddigital,SS-029digi
2020-08-20,sddigital,SS-029digi
2020-08-20,sddigital,SS-029digi
2020-08-20,sddigital,SS-029digi
2020-08-20,sddigital,SS-029digi
2020-08-20,sddigital,SS-029digi
2020-08-20,sddigital,SS-029digi
2020-08-20,sddigital,SS-029digi
2020-08-20,sddigital,SS-029digi
2020-08-20,sddigital,SS-001digi
2020-08-20,sddigital,SS-001digi
2020-08-20,sddigital,SS-001digi
2020-08-20,sddigital,SS-001digi
2020-08-20,sddigital,SS-001digi
2020-08-20,sddigital,SS-001digi
2020-08-20,sddigital,SS-001digi
2020-08-20,sddigital,SS-008digi
2020-08-20,sddigital,SS-001digi
2020-08-20,sddigital,SS-001digi
2020-08-20,sddigital,SS-001digi
2020-08-20,sddigital,SS-001digi
2020-08-20,sddigital,SS-001digi
2020-08-20,sddigital,SS-001digi
2020-08-20,bandcamp,SS-001digi
2020-08-24,sddigital,SS-029digi
2020-08-24,sddigital,SS-029digi
2020-08-24,sddigital,SS-029digi
2020-08-24,sddigital,SS-029digi
2020-08-24,sddigital,SS-029digi
2020-08-24,sddigital,SS-029digi
2020-08-24,sddigital,SS-029digi
2020-08-24,sddigital,SS-029digi
2020-08-24,sddigital,SS-001digi
2020-08-24,sddigital,SS-001digi
2020-08-24,sddigital,SS-001digi
2020-08-24,sddigital,SS-001digi
2020-08-25,sddigital,SS-001digi
2020-08-25,sddigital,SS-001digi
2020-08-25,sddigital,SS-001digi
2020-08-25,sddigital,SS-001digi
2020-08-25,sddigital,SS-001digi
2020-08-25,sddigital,SS-001digi
2020-08-25,sddigital,SS-001digi
2020-08-25,sddigital,SS-001digi
2020-08-25,sddigital,SS-001digi
2020-08-25,sddigital,SS-001digi
2020-08-25,sddigital,SS-008digi
2020-08-25,sddigital,SS-001digi
2020-08-25,sddigital,SS-001digi
2020-08-25,sddigital,SS-001digi
2020-08-25,sddigital,SS-008digi
2020-08-25,sddigital,SS-008digi
2020-08-25,sddigital,SS-008digi
2020-08-25,sddigital,SS-001digi
2020-08-25,sddigital,SS-001digi
2020-08-25,sddigital,SS-001digi
2020-08-25,sddigital,SS-001digi
2020-08-25,sddigital,SS-001digi
2020-08-25,sddigital,SS-001digi
2020-08-25,sddigital,SS-001digi
2020-08-25,sddigital,SS-001digi
2020-08-25,sddigital,SS-001digi
2020-08-25,sddigital,SS-001digi
2020-08-25,sddigital,SS-001digi
2020-08-25,sddigital,SS-001digi
2020-08-25,sddigital,SS-001digi
2020-08-25,sddigital,SS-001digi
2020-08-25,sddigital,SS-001digi
2020-08-25,sddigital,SS-001digi
2020-08-25,sddigital,SS-001digi
2020-08-25,sddigital,SS-001digi
2020-08-25,sddigital,SS-001digi
2020-08-25,sddigital,SS-001digi
2020-08-25,sddigital,SS-001digi
2020-08-25,sddigital,SS-001digi
2020-08-25,sddigital,SS-001digi
2020-08-25,sddigital,SS-001digi
2020-08-25,sddigital,SS-001digi
2020-08-25,sddigital,SS-001digi
2020-08-25,sddigital,SS-029digi
2020-08-25,sddigital,SS-029digi
2020-08-25,sddigital,SS-029digi
2020-08-25,sddigital,SS-029digi
2020-08-25,sddigital,SS-029digi
2020-08-25,sddigital,SS-029digi
2020-08-25,sddigital,SS-029digi
2020-08-25,sddigital,SS-029digi
2020-08-25,sddigital,SS-029digi
2020-08-25,sddigital,SS-029digi
2020-08-25,sddigital,SS-029digi
2020-08-25,sddigital,SS-029digi
2020-08-25,sddigital,SS-029digi
2020-08-25,sddigital,SS-029digi
2020-08-25,sddigital,SS-029digi
2020-08-25,sddigital,SS-029digi
2020-08-25,sddigital,SS-029digi
2020-08-25,sddigital,SS-029digi
2020-08-25,sddigital,SS-029digi
2020-08-25,sddigital,SS-029digi
2020-08-25,sddigital,SS-029digi
2020-08-25,sddigital,SS-029digi
2020-08-25,sddigital,SS-029digi
2020-08-25,sddigital,SS-029digi
2020-08-25,sddigital,SS-029digi
2020-08-25,sddigital,SS-029digi
2020-08-25,sddigital,SS-029digi
2020-08-25,sddigital,SS-029digi
2020-08-25,sddigital,SS-029digi
2020-08-25,sddigital,SS-029digi
2020-08-25,sddigital,SS-029digi
2020-08-25,sddigital,SS-029digi
2020-08-25,sddigital,SS-029digi
2020-08-25,sddigital,SS-029digi
2020-08-25,sddigital,SS-029digi
2020-08-25,sddigital,SS-029digi
2020-08-25,sddigital,SS-029digi
2020-08-25,sddigital,SS-029digi
2020-08-25,sddigital,SS-029digi
2020-08-25,sddigital,SS-029digi
2020-08-25,sddigital,SS-029digi
2020-08-26,sddigital,SS-029digi
2020-08-26,sddigital,SS-029digi
2020-08-26,sddigital,SS-029digi
2020-08-26,sddigital,SS-029digi
2020-08-26,sddigital,SS-029digi
2020-08-26,sddigital,SS-029digi
2020-08-26,sddigital,SS-029digi
2020-08-26,sddigital,SS-029digi
2020-08-26,sddigital,SS-029digi
2020-08-26,sddigital,SS-029digi
2020-08-26,sddigital,SS-029digi
2020-08-26,sddigital,SS-029digi
2020-08-26,sddigital,SS-029digi
2020-08-26,sddigital,SS-029digi
2020-08-26,sddigital,SS-029digi
2020-08-26,sddigital,SS-029digi
2020-08-26,sddigital,SS-029digi
2020-08-26,sddigital,SS-029digi
2020-08-26,sddigital,SS-029digi
2020-08-26,sddigital,SS-029digi
2020-08-26,sddigital,SS-029digi
2020-08-26,sddigital,SS-029digi
2020-08-26,sddigital,SS-029digi
2020-08-26,sddigital,SS-029digi
2020-08-26,sddigital,SS-029digi
2020-08-26,sddigital,SS-029digi
2020-08-26,sddigital,SS-029digi
2020-08-26,sddigital,SS-029digi
2020-08-26,sddigital,SS-029digi
2020-08-26,sddigital,SS-029digi
2020-08-26,sddigital,SS-029digi
2020-08-26,sddigital,SS-029digi
2020-08-26,sddigital,SS-029digi
2020-08-26,sddigital,SS-029digi
2020-08-26,sddigital,SS-029digi
2020-08-26,sddigital,SS-029digi
2020-08-26,sddigital,SS-029digi
2020-08-26,sddigital,SS-029digi
2020-08-26,sddigital,SS-029digi
2020-08-26,sddigital,SS-001digi
2020-08-26,sddigital,SS-001digi
2020-08-26,sddigital,SS-001digi
2020-08-26,sddigital,SS-001digi
2020-08-26,sddigital,SS-001digi
2020-08-26,sddigital,SS-001digi
2020-08-26,sddigital,SS-001digi
2020-08-26,sddigital,SS-001digi
2020-08-26,sddigital,SS-001digi
2020-08-26,sddigital,SS-001digi
2020-08-26,sddigital,SS-001digi
2020-08-26,sddigital,SS-001digi
2020-08-26,sddigital,SS-001digi
2020-08-26,sddigital,SS-001digi
2020-08-26,sddigital,SS-001digi
2020-08-26,sddigital,SS-001digi
2020-08-26,sddigital,SS-001digi
2020-08-26,sddigital,SS-001digi
2020-08-26,sddigital,SS-001digi
2020-08-26,sddigital,SS-001digi
2020-08-26,sddigital,SS-001digi
2020-08-26,sddigital,SS-001digi
2020-08-26,sddigital,SS-001digi
2020-08-26,sddigital,SS-001digi
2020-08-26,sddigital,SS-001digi
2020-08-26,sddigital,SS-001digi
2020-08-26,sddigital,SS-001digi
2020-08-26,sddigital,SS-001digi
2020-08-26,sddigital,SS-001digi
2020-08-26,sddigital,SS-001digi
2020-08-26,sddigital,SS-001digi
2020-08-26,sddigital,SS-001digi
2020-08-26,sddigital,SS-001digi
2020-08-26,sddigital,SS-001digi
2020-08-26,sddigital,SS-001digi
2020-08-26,sddigital,SS-001digi
2020-08-26,sddigital,SS-001digi
2020-08-26,sddigital,SS-001digi
2020-08-26,sddigital,SS-001digi
2020-08-26,sddigital,SS-001digi
2020-08-26,sddigital,SS-001digi
2020-08-26,sddigital,SS-001digi
2020-08-26,sddigital,SS-001digi
2020-08-26,sddigital,SS-001digi
2020-08-26,sddigital,SS-001digi
2020-08-26,sddigital,SS-001digi
2020-08-26,sddigital,SS-001digi
2020-08-26,sddigital,SS-001digi
2020-08-26,sddigital,SS-001digi
2020-08-26,sddigital,SS-001digi
2020-08-26,sddigital,SS-001digi
2020-08-26,sddigital,SS-001digi
2020-08-26,sddigital,SS-001digi
2020-08-26,sddigital,SS-001digi
2020-08-26,sddigital,SS-001digi
2020-08-26,sddigital,SS-001digi
2020-08-26,sddigital,SS-001digi
2020-08-26,sddigital,SS-001digi
2020-08-26,sddigital,SS-001digi
2020-08-26,sddigital,SS-001digi
2020-08-26,sddigital,SS-001digi
2020-08-26,sddigital,SS-001digi
2020-08-26,sddigital,SS-001digi
2020-08-26,sddigital,SS-001digi
2020-08-26,sddigital,SS-001digi
2020-08-26,sddigital,SS-001digi
2020-08-26,sddigital,SS-001digi
2020-08-26,sddigital,SS-001digi
2020-08-26,sddigital,SS-001digi
2020-08-26,sddigital,SS-001digi
2020-08-26,sddigital,SS-001digi
2020-08-26,sddigital,SS-001digi
2020-08-26,sddigital,SS-001digi
2020-08-26,sddigital,SS-001digi
2020-08-26,sddigital,SS-008digi
2020-08-26,sddigital,SS-008digi
2020-08-26,sddigital,SS-008digi
2020-08-26,sddigital,SS-008digi
2020-08-26,sddigital,SS-008digi
2020-08-26,sddigital,SS-008digi
2020-08-26,sddigital,SS-008digi
2020-08-26,sddigital,SS-008digi
2020-08-26,sddigital,SS-008digi
2020-08-26,sddigital,SS-008digi
2020-08-26,sddigital,SS-008digi
2020-08-26,sddigital,SS-008digi
2020-08-26,sddigital,SS-008digi
2020-08-26,sddigital,SS-001digi
2020-08-28,sddigital,SS-001digi
2020-08-28,sddigital,SS-001digi
2020-08-30,bandcamp,SS-029digi
2020-09-01,sds,SS-029digi
2020-09-01,sds,SS-029digi
2020-09-01,sds,SS-029digi
2020-09-01,sds,SS-029digi
2020-09-01,sds,SS-029digi
2020-09-01,sds,SS-029digi
2020-09-01,sds,SS-029digi
2020-09-01,sds,SS-029digi
2020-09-01,sds,SS-029digi
2020-09-04,bandcamp,SS-029digi
2020-09-04,bandcamp,SS-029digi
2020-09-04,bandcamp,SS-001digi
2020-09-04,bandcamp,SS-001digi
2020-09-04,bandcamp,SS-008digi
2020-09-04,bandcamp,SS-001digi
2020-09-04,bandcamp,SS-008digi
2020-09-04,bandcamp,SS-029digi
2020-09-04,bandcamp,SS-029digi
2020-09-04,bandcamp,SS-008digi
2020-09-04,bandcamp,SS-001digi
2020-09-04,bandcamp,SS-008digi
2020-09-05,bandcamp,SS-001digi
2020-09-05,bandcamp,SS-008digi
2020-09-05,bandcamp,SS-001digi
2020-09-05,bandcamp,SS-008digi
2020-09-05,bandcamp,SS-008digi
2020-09-05,bandcamp,SS-029digi
2020-09-05,bandcamp,SS-001digi
2020-09-05,bandcamp,SS-029digi
2020-09-05,bandcamp,SS-001digi
2020-09-05,bandcamp,SS-001digi
2020-09-05,bandcamp,SS-001digi
2020-09-05,bandcamp,SS-001digi
2020-09-05,bandcamp,SS-001digi
2020-09-05,bandcamp,SS-008digi
2020-09-05,bandcamp,SS-001digi
2020-09-05,bandcamp,SS-008digi
2020-09-05,bandcamp,SS-008digi
2020-09-05,bandcamp,SS-001digi
2020-09-05,bandcamp,SS-029digi
2020-09-05,bandcamp,SS-029digi
2020-09-05,bandcamp,SS-029digi
2020-09-11,bandcamp,SS-008digi
2020-09-12,bandcamp,SS-001digi
2020-09-14,bandcamp,SS-008digi
2020-09-15,sddigital,SS-001digi
2020-09-15,sddigital,SS-001digi
2020-09-16,sddigital,SS-001digi
2020-09-16,sddigital,SS-029digi
2020-09-16,sddigital,SS-001digi
2020-09-16,sddigital,SS-029digi
2020-09-16,sddigital,SS-029digi
2020-09-16,sddigital,SS-029digi
2020-09-16,sddigital,SS-029digi
2020-09-16,sddigital,SS-029digi
2020-09-16,sddigital,SS-029digi
2020-09-16,sddigital,SS-029digi
2020-09-16,sddigital,SS-029digi
2020-09-16,sddigital,SS-029digi
2020-09-16,sddigital,SS-029digi
2020-09-16,sddigital,SS-029digi
2020-09-16,sddigital,SS-029digi
2020-09-16,sddigital,SS-029digi
2020-09-16,sddigital,SS-029digi
2020-09-16,sddigital,SS-029digi
2020-09-16,sddigital,SS-029digi
2020-09-16,sddigital,SS-029digi
2020-09-17,bandcamp,SS-001digi
2020-09-18,sddigital,SS-029digi
2020-09-18,sddigital,SS-029digi
2020-09-18,sddigital,SS-029digi
2020-09-18,sddigital,SS-029digi
2020-09-18,sddigital,SS-001digi
2020-09-18,sddigital,SS-008digi
2020-09-21,sddigital,SS-029digi
2020-09-21,sddigital,SS-029digi
2020-09-22,sddigital,SS-029digi
2020-09-22,sddigital,SS-029digi
2020-09-22,sddigital,SS-029digi
2020-09-22,sddigital,SS-029digi
2020-09-22,sddigital,SS-029digi
2020-09-22,sddigital,SS-029digi
2020-09-22,sddigital,SS-029digi
2020-09-22,sddigital,SS-001digi
2020-09-22,sddigital,SS-001digi
2020-09-22,sddigital,SS-008digi
2020-09-23,bandcamp,SS-001digi
2020-09-24,sddigital,SS-029digi
2020-09-24,sddigital,SS-029digi
2020-09-24,sddigital,SS-029digi
2020-09-24,sddigital,SS-029digi
2020-09-24,sddigital,SS-029digi
2020-09-24,sddigital,SS-029digi
2020-09-24,sddigital,SS-029digi
2020-09-24,sddigital,SS-029digi
2020-09-24,sddigital,SS-029digi
2020-09-24,sddigital,SS-029digi
2020-09-24,sddigital,SS-029digi
2020-09-24,sddigital,SS-029digi
2020-09-24,sddigital,SS-029digi
2020-09-24,sddigital,SS-029digi
2020-09-24,sddigital,SS-029digi
2020-09-24,sddigital,SS-029digi
2020-09-24,sddigital,SS-029digi
2020-09-24,sddigital,SS-029digi
2020-09-24,sddigital,SS-029digi
2020-09-24,sddigital,SS-029digi
2020-09-24,sddigital,SS-029digi
2020-09-24,sddigital,SS-029digi
2020-09-24,sddigital,SS-029digi
2020-09-24,sddigital,SS-029digi
2020-09-24,sddigital,SS-029digi
2020-09-24,sddigital,SS-029digi
2020-09-24,sddigital,SS-029digi
2020-09-24,sddigital,SS-029digi
2020-09-24,sddigital,SS-029digi
2020-09-24,sddigital,SS-029digi
2020-09-24,sddigital,SS-029digi
2020-09-24,sddigital,SS-029digi
2020-09-24,sddigital,SS-029digi
2020-09-24,sddigital,SS-029digi
2020-09-24,sddigital,SS-029digi
2020-09-24,sddigital,SS-029digi
2020-09-24,sddigital,SS-029digi
2020-09-24,sddigital,SS-029digi
2020-09-24,sddigital,SS-029digi
2020-09-24,sddigital,SS-029digi
2020-09-24,sddigital,SS-029digi
2020-09-24,sddigital,SS-029digi
2020-09-24,sddigital,SS-029digi
2020-09-24,sddigital,SS-029digi
2020-09-24,sddigital,SS-029digi
2020-09-24,sddigital,SS-029digi
2020-09-24,sddigital,SS-029digi
2020-09-24,sddigital,SS-029digi
2020-09-24,sddigital,SS-029digi
2020-09-24,sddigital,SS-029digi
2020-09-24,sddigital,SS-029digi
2020-09-24,sddigital,SS-029digi
2020-09-24,sddigital,SS-029digi
2020-09-24,sddigital,SS-029digi
2020-09-24,sddigital,SS-029digi
2020-09-24,sddigital,SS-008digi
2020-09-24,sddigital,SS-029digi
2020-09-24,sddigital,SS-029digi
2020-09-24,sddigital,SS-029digi
2020-09-24,sddigital,SS-029digi
2020-09-24,sddigital,SS-029digi
2020-09-24,sddigital,SS-008digi
2020-09-24,sddigital,SS-029digi
2020-09-24,sddigital,SS-029digi
2020-09-24,sddigital,SS-008digi
2020-09-24,sddigital,SS-001digi
2020-09-24,sddigital,SS-001digi
2020-09-24,sddigital,SS-001digi
2020-09-24,sddigital,SS-001digi
2020-09-24,sddigital,SS-001digi
2020-09-24,sddigital,SS-001digi
2020-09-24,sddigital,SS-001digi
2020-09-24,sddigital,SS-001digi
2020-09-24,sddigital,SS-001digi
2020-09-24,sddigital,SS-001digi
2020-09-24,sddigital,SS-001digi
2020-09-24,sddigital,SS-001digi
2020-09-24,sddigital,SS-001digi
2020-09-24,sddigital,SS-001digi
2020-09-24,sddigital,SS-001digi
2020-09-24,sddigital,SS-001digi
2020-09-24,sddigital,SS-001digi
2020-09-24,sddigital,SS-001digi
2020-09-24,sddigital,SS-001digi
2020-09-24,sddigital,SS-001digi
2020-09-24,sddigital,SS-001digi
2020-09-24,sddigital,SS-001digi
2020-09-24,sddigital,SS-001digi
2020-09-24,sddigital,SS-029digi
2020-09-24,sddigital,SS-001digi
2020-09-24,sddigital,SS-001digi
2020-09-24,sddigital,SS-001digi
2020-09-24,sddigital,SS-001digi
2020-09-24,sddigital,SS-001digi
2020-09-24,sddigital,SS-001digi
2020-09-24,sddigital,SS-001digi
2020-09-24,sddigital,SS-001digi
2020-09-24,sddigital,SS-001digi
2020-09-24,sddigital,SS-001digi
2020-09-24,sddigital,SS-001digi
2020-09-25,sddigital,SS-001digi
2020-09-25,sddigital,SS-001digi
2020-09-25,sddigital,SS-001digi
2020-09-25,sddigital,SS-001digi
2020-09-25,sddigital,SS-001digi
2020-09-25,sddigital,SS-029digi
2020-09-25,sddigital,SS-029digi
2020-09-25,sddigital,SS-029digi
2020-09-25,sddigital,SS-029digi
2020-09-25,sddigital,SS-029digi
2020-09-25,sddigital,SS-029digi
2020-09-25,sddigital,SS-029digi
2020-09-25,sddigital,SS-029digi
2020-09-25,sddigital,SS-029digi
2020-09-25,sddigital,SS-029digi
2020-09-25,sddigital,SS-029digi
2020-09-25,sddigital,SS-029digi
2020-09-25,sddigital,SS-029digi
2020-09-25,sddigital,SS-029digi
2020-09-25,sddigital,SS-029digi
2020-09-25,sddigital,SS-029digi
2020-09-25,sddigital,SS-029digi
2020-09-25,sddigital,SS-029digi
2020-09-25,sddigital,SS-029digi
2020-09-25,sddigital,SS-008digi
2020-09-26,sddigital,SS-008digi
2020-09-26,sddigital,SS-008digi
2020-09-26,sddigital,SS-001digi
2020-09-26,sddigital,SS-001digi
2020-09-26,sddigital,SS-001digi
2020-09-26,sddigital,SS-001digi
2020-09-26,sddigital,SS-001digi
2020-09-26,sddigital,SS-001digi
2020-09-26,sddigital,SS-001digi
2020-09-26,sddigital,SS-001digi
2020-09-26,sddigital,SS-001digi
2020-09-26,sddigital,SS-001digi
2020-09-26,sddigital,SS-001digi
2020-09-26,sddigital,SS-001digi
2020-09-26,sddigital,SS-001digi
2020-09-26,sddigital,SS-001digi
2020-09-26,sddigital,SS-001digi
2020-09-26,sddigital,SS-001digi
2020-09-26,sddigital,SS-001digi
2020-09-26,sddigital,SS-001digi
2020-09-26,sddigital,SS-001digi
2020-09-26,sddigital,SS-001digi
2020-09-26,sddigital,SS-001digi
2020-09-26,sddigital,SS-001digi
2020-09-26,sddigital,SS-001digi
2020-09-26,sddigital,SS-008digi
2020-09-26,sddigital,SS-008digi
2020-09-26,sddigital,SS-008digi
2020-09-26,sddigital,SS-008digi
2020-09-26,sddigital,SS-008digi
2020-09-26,sddigital,SS-008digi
2020-09-26,sddigital,SS-001digi
2020-09-26,sddigital,SS-001digi
2020-09-26,sddigital,SS-001digi
2020-09-26,sddigital,SS-001digi
2020-09-26,sddigital,SS-001digi
2020-09-26,sddigital,SS-001digi
2020-09-26,sddigital,SS-001digi
2020-09-26,sddigital,SS-001digi
2020-09-26,sddigital,SS-001digi
2020-09-26,sddigital,SS-001digi
2020-09-26,sddigital,SS-001digi
2020-09-26,sddigital,SS-001digi
2020-09-26,sddigital,SS-001digi
2020-09-26,sddigital,SS-001digi
2020-09-26,sddigital,SS-001digi
2020-09-26,sddigital,SS-001digi
2020-09-26,sddigital,SS-001digi
2020-09-26,sddigital,SS-001digi
2020-09-26,sddigital,SS-001digi
2020-09-26,sddigital,SS-029digi
2020-09-26,sddigital,SS-029digi
2020-09-26,sddigital,SS-029digi
2020-09-26,sddigital,SS-029digi
2020-09-26,sddigital,SS-029digi
2020-09-26,sddigital,SS-029digi
2020-09-26,sddigital,SS-029digi
2020-09-26,sddigital,SS-029digi
2020-09-26,sddigital,SS-029digi
2020-09-26,sddigital,SS-029digi
2020-09-26,sddigital,SS-029digi
2020-09-26,sddigital,SS-029digi
2020-09-26,sddigital,SS-029digi
2020-09-26,sddigital,SS-029digi
2020-09-26,sddigital,SS-029digi
2020-09-26,sddigital,SS-029digi
2020-09-26,sddigital,SS-029digi
2020-09-26,sddigital,SS-029digi
2020-09-26,sddigital,SS-029digi
2020-09-26,sddigital,SS-029digi
2020-09-26,sddigital,SS-029digi
2020-09-26,sddigital,SS-029digi
2020-09-26,sddigital,SS-029digi
2020-09-26,sddigital,SS-029digi
2020-09-26,sddigital,SS-029digi
2020-09-26,sddigital,SS-029digi
2020-09-26,sddigital,SS-029digi
2020-09-26,sddigital,SS-029digi
2020-09-26,sddigital,SS-029digi
2020-09-26,sddigital,SS-029digi
2020-09-26,sddigital,SS-029digi
2020-09-26,sddigital,SS-029digi
2020-09-26,sddigital,SS-029digi
2020-09-26,sddigital,SS-029digi
2020-09-26,sddigital,SS-029digi
2020-09-26,sddigital,SS-029digi
2020-09-26,sddigital,SS-029digi
2020-09-26,sddigital,SS-029digi
2020-09-26,sddigital,SS-029digi
2020-09-26,sddigital,SS-029digi
2020-09-26,sddigital,SS-029digi
2020-09-26,sddigital,SS-029digi
2020-09-26,sddigital,SS-029digi
2020-09-26,sddigital,SS-029digi
2020-09-26,sddigital,SS-029digi
2020-09-26,sddigital,SS-029digi
2020-09-26,sddigital,SS-029digi
2020-09-26,sddigital,SS-029digi
2020-09-26,sddigital,SS-029digi
2020-09-26,sddigital,SS-029digi
2020-09-26,sddigital,SS-029digi
2020-09-26,sddigital,SS-029digi
2020-09-26,sddigital,SS-029digi
2020-09-26,sddigital,SS-029digi
2020-09-26,sddigital,SS-029digi
2020-09-26,sddigital,SS-029digi
2020-09-26,sddigital,SS-029digi
2020-09-26,sddigital,SS-029digi
2020-09-26,sddigital,SS-029digi
2020-09-26,sddigital,SS-029digi
2020-09-26,sddigital,SS-029digi
2020-09-26,sddigital,SS-029digi
2020-09-26,sddigital,SS-029digi
2020-09-26,sddigital,SS-029digi
2020-09-26,sddigital,SS-029digi
2020-09-26,sddigital,SS-029digi
2020-09-26,sddigital,SS-029digi
2020-09-26,sddigital,SS-029digi
2020-09-26,sddigital,SS-029digi
2020-09-26,sddigital,SS-029digi
2020-09-26,sddigital,SS-029digi
2020-09-26,sddigital,SS-029digi
2020-09-26,sddigital,SS-029digi
2020-09-26,sddigital,SS-029digi
2020-09-26,sddigital,SS-029digi
2020-09-26,sddigital,SS-029digi
2020-09-26,sddigital,SS-029digi
2020-09-26,sddigital,SS-029digi
2020-09-26,sddigital,SS-029digi
2020-09-28,sddigital,SS-029digi
2020-09-28,sddigital,SS-029digi
2020-09-30,sddigital,SS-029digi
2020-09-30,sddigital,SS-029digi
2020-09-30,sddigital,SS-029digi
2020-10-01,sds,SS-029digi
2020-10-01,sds,SS-029digi
2020-10-01,sds,SS-029digi
2020-10-01,sds,SS-001digi
2020-10-01,sds,SS-001digi
2020-10-01,sds,SS-001digi
2020-10-01,sds,SS-029digi
2020-10-01,sds,SS-029digi
2020-10-01,sds,SS-029digi
2020-10-01,sds,SS-029digi
2020-10-01,sds,SS-029digi
2020-10-01,sds,SS-029digi
2020-10-01,sds,SS-029digi
2020-10-01,sds,SS-029digi
2020-10-01,sds,SS-029digi
2020-10-01,sds,SS-029digi
2020-10-01,sds,SS-029digi
2020-10-01,sds,SS-029digi
2020-10-01,sds,SS-029digi
2020-10-02,bandcamp,SS-008digi
2020-10-02,bandcamp,SS-001digi
2020-10-02,bandcamp,SS-029digi
2020-10-02,bandcamp,SS-029digi
2020-10-02,bandcamp,SS-001digi
2020-10-02,bandcamp,SS-008digi
2020-10-02,bandcamp,SS-008digi
2020-10-02,bandcamp,SS-001digi
2020-10-02,bandcamp,SS-029digi
2020-10-02,bandcamp,SS-029digi
2020-10-02,bandcamp,SS-008digi
2020-10-02,bandcamp,SS-001digi
2020-10-02,bandcamp,SS-001digi
2020-10-02,bandcamp,SS-029digi
2020-10-02,bandcamp,SS-008digi
2020-10-02,bandcamp,SS-001digi
2020-10-03,bandcamp,SS-029digi
2020-10-03,bandcamp,SS-029digi
2020-10-03,bandcamp,SS-008digi
2020-10-03,bandcamp,SS-001digi
2020-10-03,bandcamp,SS-001digi
2020-10-03,bandcamp,SS-008digi
2020-10-03,bandcamp,SS-029digi
2020-10-07,sddigital,SS-001digi
2020-10-07,sddigital,SS-029digi
2020-10-07,sddigital,SS-001digi
2020-10-09,sddigital,SS-001digi
2020-10-09,sddigital,SS-001digi
2020-10-09,sddigital,SS-001digi
2020-10-09,sddigital,SS-001digi
2020-10-09,sddigital,SS-001digi
2020-10-09,sddigital,SS-001digi
2020-10-09,sddigital,SS-001digi
2020-10-09,sddigital,SS-008digi
2020-10-09,sddigital,SS-008digi
2020-10-09,sddigital,SS-001digi
2020-10-09,sddigital,SS-001digi
2020-10-09,sddigital,SS-001digi
2020-10-09,sddigital,SS-001digi
2020-10-09,sddigital,SS-001digi
2020-10-09,sddigital,SS-001digi
2020-10-09,sddigital,SS-001digi
2020-10-09,sddigital,SS-001digi
2020-10-09,sddigital,SS-001digi
2020-10-09,sddigital,SS-001digi
2020-10-09,sddigital,SS-001digi
2020-10-09,sddigital,SS-001digi
2020-10-09,sddigital,SS-001digi
2020-10-09,sddigital,SS-001digi
2020-10-09,sddigital,SS-001digi
2020-10-09,sddigital,SS-008digi
2020-10-09,sddigital,SS-001digi
2020-10-09,sddigital,SS-029digi
2020-10-09,sddigital,SS-001digi
2020-10-09,sddigital,SS-001digi
2020-10-09,sddigital,SS-001digi
2020-10-09,sddigital,SS-029digi
2020-10-09,sddigital,SS-029digi
2020-10-09,sddigital,SS-029digi
2020-10-09,sddigital,SS-029digi
2020-10-09,sddigital,SS-029digi
2020-10-09,sddigital,SS-029digi
2020-10-09,sddigital,SS-029digi
2020-10-09,sddigital,SS-029digi
2020-10-09,sddigital,SS-029digi
2020-10-09,sddigital,SS-029digi
2020-10-09,sddigital,SS-029digi
2020-10-09,sddigital,SS-029digi
2020-10-09,sddigital,SS-029digi
2020-10-09,sddigital,SS-029digi
2020-10-09,sddigital,SS-029digi
2020-10-09,sddigital,SS-029digi
2020-10-09,sddigital,SS-029digi
2020-10-09,sddigital,SS-029digi
2020-10-09,sddigital,SS-029digi
2020-10-09,sddigital,SS-029digi
2020-10-09,sddigital,SS-029digi
2020-10-09,sddigital,SS-029digi
2020-10-09,sddigital,SS-029digi
2020-10-09,sddigital,SS-029digi
2020-10-09,sddigital,SS-029digi
2020-10-09,sddigital,SS-029digi
2020-10-09,sddigital,SS-029digi
2020-10-09,sddigital,SS-029digi
2020-10-09,sddigital,SS-029digi
2020-10-09,sddigital,SS-029digi
2020-10-09,sddigital,SS-029digi
2020-10-09,sddigital,SS-029digi
2020-10-09,sddigital,SS-029digi
2020-10-09,sddigital,SS-029digi
2020-10-09,sddigital,SS-029digi
2020-10-09,sddigital,SS-029digi
2020-10-09,sddigital,SS-029digi
2020-10-09,sddigital,SS-029digi
2020-10-09,sddigital,SS-029digi
2020-10-09,sddigital,SS-029digi
2020-10-15,sddigital,SS-029digi
2020-10-15,sddigital,SS-029digi
2020-10-16,sddigital,SS-029digi
2020-10-16,sddigital,SS-029digi
2020-10-16,sddigital,SS-029digi
2020-10-16,sddigital,SS-029digi
2020-10-16,sddigital,SS-029digi
2020-10-16,sddigital,SS-029digi
2020-10-16,sddigital,SS-029digi
2020-10-16,sddigital,SS-029digi
2020-10-16,sddigital,SS-029digi
2020-10-16,sddigital,SS-029digi
2020-10-16,sddigital,SS-001digi
2020-10-16,sddigital,SS-001digi
2020-10-16,sddigital,SS-001digi
2020-10-16,sddigital,SS-001digi
2020-10-16,sddigital,SS-001digi
2020-10-16,sddigital,SS-001digi
2020-10-16,sddigital,SS-001digi
2020-10-16,sddigital,SS-001digi
2020-10-16,sddigital,SS-008digi
2020-10-16,sddigital,SS-008digi
2020-10-16,sddigital,SS-001digi
2020-10-21,sddigital,SS-001digi
2020-10-21,sddigital,SS-001digi
2020-10-21,sddigital,SS-029digi
2020-10-21,sddigital,SS-029digi
2020-10-21,sddigital,SS-029digi
2020-10-21,sddigital,SS-029digi
2020-10-21,sddigital,SS-029digi
2020-10-21,sddigital,SS-029digi
2020-10-21,sddigital,SS-029digi
2020-10-21,bandcamp,SS-029digi
2020-10-22,sddigital,SS-029digi
2020-10-22,sddigital,SS-029digi
2020-10-22,sddigital,SS-001digi
2020-10-22,sddigital,SS-001digi
2020-10-22,sddigital,SS-001digi
2020-10-22,sddigital,SS-001digi
2020-10-22,sddigital,SS-001digi
2020-10-22,sddigital,SS-001digi
2020-10-22,sddigital,SS-001digi
2020-10-22,sddigital,SS-001digi
2020-10-22,sddigital,SS-001digi
2020-10-22,sddigital,SS-001digi
2020-10-22,sddigital,SS-001digi
2020-10-22,sddigital,SS-001digi
2020-10-22,sddigital,SS-001digi
2020-10-22,sddigital,SS-001digi
2020-10-22,sddigital,SS-001digi
2020-10-22,sddigital,SS-001digi
2020-10-22,sddigital,SS-001digi
2020-10-22,sddigital,SS-001digi
2020-10-22,sddigital,SS-001digi
2020-10-22,sddigital,SS-001digi
2020-10-22,sddigital,SS-001digi
2020-10-22,sddigital,SS-001digi
2020-10-22,sddigital,SS-001digi
2020-10-22,sddigital,SS-001digi
2020-10-22,sddigital,SS-001digi
2020-10-22,sddigital,SS-001digi
2020-10-22,sddigital,SS-001digi
2020-10-22,sddigital,SS-001digi
2020-10-22,sddigital,SS-001digi
2020-10-22,sddigital,SS-001digi
2020-10-22,sddigital,SS-008digi
2020-10-22,sddigital,SS-008digi
2020-10-22,sddigital,SS-029digi
2020-10-22,sddigital,SS-029digi
2020-10-22,sddigital,SS-029digi
2020-10-22,sddigital,SS-029digi
2020-10-22,sddigital,SS-029digi
2020-10-22,sddigital,SS-029digi
2020-10-22,sddigital,SS-029digi
2020-10-22,sddigital,SS-029digi
2020-10-22,sddigital,SS-029digi
2020-10-22,sddigital,SS-029digi
2020-10-22,sddigital,SS-029digi
2020-10-22,sddigital,SS-029digi
2020-10-22,sddigital,SS-029digi
2020-10-22,sddigital,SS-029digi
2020-10-22,sddigital,SS-029digi
2020-10-22,sddigital,SS-029digi
2020-10-22,sddigital,SS-029digi
2020-10-22,sddigital,SS-029digi
2020-10-22,sddigital,SS-029digi
2020-10-22,sddigital,SS-029digi
2020-10-22,sddigital,SS-029digi
2020-10-22,sddigital,SS-029digi
2020-10-22,sddigital,SS-029digi
2020-10-22,sddigital,SS-029digi
2020-10-22,sddigital,SS-029digi
2020-10-22,sddigital,SS-029digi
2020-10-22,sddigital,SS-029digi
2020-10-22,sddigital,SS-029digi
2020-10-22,sddigital,SS-029digi
2020-10-22,sddigital,SS-029digi
2020-10-22,sddigital,SS-029digi
2020-10-22,sddigital,SS-029digi
2020-10-22,sddigital,SS-029digi
2020-10-22,sddigital,SS-029digi
2020-10-22,sddigital,SS-029digi
2020-10-22,sddigital,SS-029digi
2020-10-22,sddigital,SS-029digi
2020-10-22,sddigital,SS-029digi
2020-10-22,sddigital,SS-029digi
2020-10-22,sddigital,SS-029digi
2020-10-22,sddigital,SS-029digi
2020-10-22,sddigital,SS-029digi
2020-10-22,sddigital,SS-029digi
2020-10-22,sddigital,SS-029digi
2020-10-22,sddigital,SS-029digi
2020-10-22,sddigital,SS-029digi
2020-10-22,sddigital,SS-029digi
2020-10-22,sddigital,SS-029digi
2020-10-22,sddigital,SS-029digi
2020-10-22,sddigital,SS-029digi
2020-10-22,sddigital,SS-029digi
2020-10-22,sddigital,SS-029digi
2020-10-22,sddigital,SS-029digi
2020-10-22,sddigital,SS-029digi
2020-10-22,sddigital,SS-029digi
2020-10-22,sddigital,SS-029digi
2020-10-22,sddigital,SS-029digi
2020-10-22,sddigital,SS-029digi
2020-10-22,sddigital,SS-029digi
2020-10-22,sddigital,SS-029digi
2020-10-22,sddigital,SS-029digi
2020-10-22,sddigital,SS-029digi
2020-10-22,sddigital,SS-029digi
2020-10-22,sddigital,SS-029digi
2020-10-22,sddigital,SS-029digi
2020-10-23,sddigital,SS-029digi
2020-10-23,sddigital,SS-029digi
2020-10-23,sddigital,SS-029digi
2020-10-23,sddigital,SS-029digi
2020-10-23,sddigital,SS-029digi
2020-10-23,sddigital,SS-029digi
2020-10-23,sddigital,SS-029digi
2020-10-23,sddigital,SS-029digi
2020-10-23,sddigital,SS-029digi
2020-10-23,sddigital,SS-029digi
2020-10-23,sddigital,SS-029digi
2020-10-23,sddigital,SS-029digi
2020-10-23,sddigital,SS-029digi
2020-10-23,sddigital,SS-029digi
2020-10-23,sddigital,SS-029digi
2020-10-23,sddigital,SS-029digi
2020-10-23,sddigital,SS-029digi
2020-10-23,sddigital,SS-029digi
2020-10-23,sddigital,SS-029digi
2020-10-23,sddigital,SS-029digi
2020-10-23,sddigital,SS-029digi
2020-10-23,sddigital,SS-029digi
2020-10-23,sddigital,SS-029digi
2020-10-23,sddigital,SS-029digi
2020-10-23,sddigital,SS-029digi
2020-10-23,sddigital,SS-029digi
2020-10-23,sddigital,SS-001digi
2020-10-23,sddigital,SS-001digi
2020-10-23,sddigital,SS-001digi
2020-10-23,sddigital,SS-001digi
2020-10-23,sddigital,SS-001digi
2020-10-23,sddigital,SS-008digi
2020-10-23,sddigital,SS-001digi
2020-10-24,sddigital,SS-001digi
2020-10-24,sddigital,SS-001digi
2020-10-24,sddigital,SS-001digi
2020-10-24,sddigital,SS-001digi
2020-10-24,sddigital,SS-001digi
2020-10-24,sddigital,SS-001digi
2020-10-24,sddigital,SS-001digi
2020-10-24,sddigital,SS-001digi
2020-10-24,sddigital,SS-001digi
2020-10-24,sddigital,SS-001digi
2020-10-24,sddigital,SS-001digi
2020-10-24,sddigital,SS-029digi
2020-10-24,sddigital,SS-029digi
2020-10-24,sddigital,SS-029digi
2020-10-24,sddigital,SS-029digi
2020-10-24,sddigital,SS-029digi
2020-10-24,sddigital,SS-029digi
2020-10-24,sddigital,SS-029digi
2020-10-24,sddigital,SS-029digi
2020-10-24,sddigital,SS-029digi
2020-10-24,sddigital,SS-029digi
2020-10-24,sddigital,SS-029digi
2020-10-24,sddigital,SS-029digi
2020-10-24,sddigital,SS-029digi
2020-10-24,sddigital,SS-029digi
2020-10-24,sddigital,SS-029digi
2020-10-24,sddigital,SS-029digi
2020-10-24,sddigital,SS-029digi
2020-10-24,sddigital,SS-029digi
2020-10-24,sddigital,SS-029digi
2020-10-24,sddigital,SS-029digi
2020-10-24,sddigital,SS-029digi
2020-10-24,sddigital,SS-029digi
2020-10-24,sddigital,SS-029digi
2020-10-24,sddigital,SS-029digi
2020-10-24,sddigital,SS-029digi
2020-10-24,sddigital,SS-029digi
2020-10-24,sddigital,SS-029digi
2020-10-24,sddigital,SS-029digi
2020-10-24,sddigital,SS-029digi
2020-10-24,sddigital,SS-029digi
2020-10-24,sddigital,SS-029digi
2020-10-24,sddigital,SS-029digi
2020-10-24,sddigital,SS-029digi
2020-10-24,sddigital,SS-029digi
2020-10-24,sddigital,SS-029digi
2020-10-24,sddigital,SS-029digi
2020-10-24,sddigital,SS-029digi
2020-10-24,sddigital,SS-029digi
2020-10-24,sddigital,SS-029digi
2020-10-24,sddigital,SS-029digi
2020-10-24,sddigital,SS-029digi
2020-10-24,sddigital,SS-029digi
2020-10-24,sddigital,SS-029digi
2020-10-24,sddigital,SS-029digi
2020-10-24,sddigital,SS-029digi
2020-10-24,sddigital,SS-029digi
2020-10-24,sddigital,SS-029digi
2020-10-24,sddigital,SS-029digi
2020-10-24,sddigital,SS-029digi
2020-10-24,sddigital,SS-029digi
2020-10-24,sddigital,SS-029digi
2020-10-24,sddigital,SS-029digi
2020-10-24,sddigital,SS-029digi
2020-10-24,sddigital,SS-029digi
2020-10-24,sddigital,SS-029digi
2020-10-24,sddigital,SS-029digi
2020-10-24,sddigital,SS-029digi
2020-10-24,sddigital,SS-029digi
2020-10-24,sddigital,SS-029digi
2020-10-24,sddigital,SS-029digi
2020-10-24,sddigital,SS-029digi
2020-10-25,bandcamp,SS-029digi
2020-10-27,sddigital,SS-001digi
2020-10-27,sddigital,SS-001digi
2020-10-27,sddigital,SS-001digi
2020-10-27,sddigital,SS-001digi
2020-10-27,sddigital,SS-029digi
2020-10-27,sddigital,SS-029digi
2020-10-27,sddigital,SS-029digi
2020-10-27,sddigital,SS-029digi
2020-10-27,sddigital,SS-029digi
2020-10-27,sddigital,SS-029digi
2020-10-27,sddigital,SS-029digi
2020-10-27,sddigital,SS-029digi
2020-10-27,sddigital,SS-029digi
2020-10-28,sddigital,SS-001digi
2020-10-28,sddigital,SS-001digi
2020-10-29,sddigital,SS-029digi
2020-10-29,sddigital,SS-029digi
2020-10-29,sddigital,SS-029digi
2020-10-29,sddigital,SS-029digi
2020-10-29,sddigital,SS-029digi
2020-10-29,sddigital,SS-029digi
2020-10-30,sddigital,SS-029digi
2020-10-30,sddigital,SS-029digi
2020-10-30,sddigital,SS-029digi
2020-10-30,sddigital,SS-029digi
2020-10-30,sddigital,SS-029digi
2020-10-30,sddigital,SS-029digi
2020-10-30,sddigital,SS-029digi
2020-10-30,sddigital,SS-029digi
2020-10-30,sddigital,SS-029digi
2020-10-30,sddigital,SS-029digi
2020-10-30,sddigital,SS-029digi
2020-10-30,sddigital,SS-029digi
2020-10-30,bandcamp,SS-008digi
2020-10-30,sddigital,SS-001digi
2020-11-01,sds,SS-029digi
2020-11-01,sds,SS-001digi
2020-11-01,sds,SS-029digi
2020-11-01,sds,SS-029digi
2020-11-01,sds,SS-029digi
2020-11-01,sds,SS-029digi
2020-11-01,sds,SS-029digi
2020-11-01,sds,SS-029digi
2020-11-01,sds,SS-029digi
2020-11-01,sds,SS-029digi
2020-11-05,sddigital,SS-029digi
2020-11-06,sddigital,SS-001digi
2020-11-06,bandcamp,SS-029digi
2020-11-06,bandcamp,SS-001digi
2020-11-06,bandcamp,SS-001digi
2020-11-06,bandcamp,SS-029digi
2020-11-06,bandcamp,SS-001digi
2020-11-06,bandcamp,SS-008digi
2020-11-06,bandcamp,SS-029digi
2020-11-06,bandcamp,SS-008digi
2020-11-06,bandcamp,SS-029digi
2020-11-06,bandcamp,SS-001digi
2020-11-06,bandcamp,SS-029digi
2020-11-06,bandcamp,SS-029digi
2020-11-06,bandcamp,SS-029digi
2020-11-07,bandcamp,SS-001digi
2020-11-07,bandcamp,SS-001digi
2020-11-07,bandcamp,SS-029digi
2020-11-07,bandcamp,SS-008digi
2020-11-07,bandcamp,SS-008digi
2020-11-07,bandcamp,SS-001digi
2020-11-07,bandcamp,SS-008digi
2020-11-07,bandcamp,SS-029digi
2020-11-07,bandcamp,SS-001digi
2020-11-07,bandcamp,SS-029digi
2020-11-07,bandcamp,SS-001digi
2020-11-07,bandcamp,SS-001digi
2020-11-10,sddigital,SS-001digi
2020-11-10,sddigital,SS-001digi
2020-11-10,sddigital,SS-008digi
2020-11-10,sddigital,SS-029digi
2020-11-10,sddigital,SS-029digi
2020-11-10,sddigital,SS-029digi
2020-11-10,sddigital,SS-029digi
2020-11-10,sddigital,SS-029digi
2020-11-10,sddigital,SS-029digi
2020-11-10,sddigital,SS-029digi
2020-11-10,sddigital,SS-029digi
2020-11-10,sddigital,SS-029digi
2020-11-11,bandcamp,SS-029digi
2020-11-16,sddigital,SS-029digi
2020-11-16,sddigital,SS-029digi
2020-11-16,sddigital,SS-029digi
2020-11-16,sddigital,SS-029digi
2020-11-16,sddigital,SS-029digi
2020-11-16,sddigital,SS-029digi
2020-11-16,sddigital,SS-029digi
2020-11-16,sddigital,SS-029digi
2020-11-16,sddigital,SS-029digi
2020-11-16,sddigital,SS-029digi
2020-11-16,sddigital,SS-029digi
2020-11-16,sddigital,SS-029digi
2020-11-16,sddigital,SS-029digi
2020-11-16,sddigital,SS-008digi
2020-11-16,sddigital,SS-008digi
2020-11-16,sddigital,SS-029digi
2020-11-16,sddigital,SS-029digi
2020-11-16,sddigital,SS-029digi
2020-11-16,sddigital,SS-029digi
2020-11-16,sddigital,SS-029digi
2020-11-16,sddigital,SS-029digi
2020-11-16,sddigital,SS-029digi
2020-11-16,sddigital,SS-029digi
2020-11-16,sddigital,SS-029digi
2020-11-16,sddigital,SS-029digi
2020-11-16,sddigital,SS-029digi
2020-11-16,sddigital,SS-029digi
2020-11-16,sddigital,SS-029digi
2020-11-16,sddigital,SS-029digi
2020-11-16,sddigital,SS-029digi
2020-11-16,sddigital,SS-029digi
2020-11-16,sddigital,SS-029digi
2020-11-16,sddigital,SS-029digi
2020-11-16,sddigital,SS-001digi
2020-11-16,sddigital,SS-001digi
2020-11-16,sddigital,SS-001digi
2020-11-16,sddigital,SS-001digi
2020-11-16,sddigital,SS-001digi
2020-11-16,sddigital,SS-001digi
2020-11-16,sddigital,SS-001digi
2020-11-16,sddigital,SS-001digi
2020-11-16,sddigital,SS-001digi
2020-11-16,sddigital,SS-001digi
2020-11-16,sddigital,SS-001digi
2020-11-16,sddigital,SS-001digi
2020-11-16,sddigital,SS-001digi
2020-11-16,sddigital,SS-001digi
2020-11-16,sddigital,SS-001digi
2020-11-16,sddigital,SS-001digi
2020-11-16,sddigital,SS-001digi
2020-11-16,sddigital,SS-029digi
2020-11-16,sddigital,SS-029digi
2020-11-16,sddigital,SS-029digi
2020-11-16,sddigital,SS-029digi
2020-11-16,sddigital,SS-029digi
2020-11-16,sddigital,SS-029digi
2020-11-16,sddigital,SS-029digi
2020-11-16,sddigital,SS-029digi
2020-11-16,sddigital,SS-029digi
2020-11-16,sddigital,SS-029digi
2020-11-16,sddigital,SS-029digi
2020-11-16,sddigital,SS-029digi
2020-11-16,sddigital,SS-029digi
2020-11-16,sddigital,SS-029digi
2020-11-16,sddigital,SS-029digi
2020-11-16,sddigital,SS-029digi
2020-11-16,sddigital,SS-029digi
2020-11-16,sddigital,SS-029digi
2020-11-16,sddigital,SS-001digi
2020-11-16,sddigital,SS-001digi
2020-11-16,sddigital,SS-001digi
2020-11-16,sddigital,SS-001digi
2020-11-16,sddigital,SS-001digi
2020-11-16,sddigital,SS-001digi
2020-11-16,sddigital,SS-001digi
2020-11-16,sddigital,SS-001digi
2020-11-16,sddigital,SS-001digi
2020-11-16,sddigital,SS-001digi
2020-11-16,sddigital,SS-001digi
2020-11-16,sddigital,SS-001digi
2020-11-16,sddigital,SS-001digi
2020-11-16,sddigital,SS-001digi
2020-11-16,sddigital,SS-001digi
2020-11-16,sddigital,SS-001digi
2020-11-16,sddigital,SS-001digi
2020-11-16,sddigital,SS-001digi
2020-11-16,sddigital,SS-001digi
2020-11-18,sddigital,SS-001digi
2020-11-18,sddigital,SS-001digi
2020-11-18,sddigital,SS-001digi
2020-11-18,sddigital,SS-001digi
2020-11-18,sddigital,SS-001digi
2020-11-18,sddigital,SS-001digi
2020-11-18,sddigital,SS-001digi
2020-11-18,sddigital,SS-001digi
2020-11-18,sddigital,SS-001digi
2020-11-18,sddigital,SS-001digi
2020-11-18,sddigital,SS-001digi
2020-11-18,sddigital,SS-001digi
2020-11-18,sddigital,SS-001digi
2020-11-18,sddigital,SS-001digi
2020-11-18,sddigital,SS-001digi
2020-11-18,sddigital,SS-001digi
2020-11-18,sddigital,SS-001digi
2020-11-18,sddigital,SS-001digi
2020-11-18,sddigital,SS-001digi
2020-11-18,sddigital,SS-001digi
2020-11-18,sddigital,SS-001digi
2020-11-18,sddigital,SS-001digi
2020-11-18,sddigital,SS-001digi
2020-11-18,sddigital,SS-001digi
2020-11-18,sddigital,SS-001digi
2020-11-18,sddigital,SS-001digi
2020-11-18,sddigital,SS-001digi
2020-11-18,bandcamp,SS-001digi
2020-11-18,sddigital,SS-029digi
2020-11-18,sddigital,SS-001digi
2020-11-18,sddigital,SS-008digi
2020-11-18,sddigital,SS-008digi
2020-11-18,sddigital,SS-029digi
2020-11-18,sddigital,SS-029digi
2020-11-18,sddigital,SS-029digi
2020-11-18,sddigital,SS-029digi
2020-11-18,sddigital,SS-029digi
2020-11-18,sddigital,SS-029digi
2020-11-18,sddigital,SS-029digi
2020-11-18,sddigital,SS-029digi
2020-11-18,sddigital,SS-029digi
2020-11-18,sddigital,SS-029digi
2020-11-18,sddigital,SS-029digi
2020-11-18,sddigital,SS-029digi
2020-11-18,sddigital,SS-029digi
2020-11-18,sddigital,SS-029digi
2020-11-18,sddigital,SS-029digi
2020-11-18,sddigital,SS-029digi
2020-11-18,sddigital,SS-029digi
2020-11-18,sddigital,SS-029digi
2020-11-18,sddigital,SS-029digi
2020-11-18,sddigital,SS-029digi
2020-11-18,sddigital,SS-029digi
2020-11-18,sddigital,SS-029digi
2020-11-18,sddigital,SS-029digi
2020-11-18,sddigital,SS-029digi
2020-11-18,sddigital,SS-029digi
2020-11-18,sddigital,SS-029digi
2020-11-18,sddigital,SS-029digi
2020-11-18,sddigital,SS-029digi
2020-11-18,sddigital,SS-029digi
2020-11-18,sddigital,SS-029digi
2020-11-18,sddigital,SS-029digi
2020-11-18,sddigital,SS-029digi
2020-11-18,sddigital,SS-029digi
2020-11-18,sddigital,SS-029digi
2020-11-18,sddigital,SS-029digi
2020-11-18,sddigital,SS-029digi
2020-11-18,sddigital,SS-029digi
2020-11-18,sddigital,SS-029digi
2020-11-18,sddigital,SS-029digi
2020-11-18,sddigital,SS-029digi
2020-11-18,sddigital,SS-029digi
2020-11-18,sddigital,SS-029digi
2020-11-18,sddigital,SS-029digi
2020-11-18,sddigital,SS-029digi
2020-11-18,sddigital,SS-029digi
2020-11-18,sddigital,SS-029digi
2020-11-18,sddigital,SS-029digi
2020-11-18,sddigital,SS-029digi
2020-11-18,sddigital,SS-029digi
2020-11-18,sddigital,SS-029digi
2020-11-18,sddigital,SS-029digi
2020-11-18,sddigital,SS-029digi
2020-11-18,sddigital,SS-029digi
2020-11-18,sddigital,SS-029digi
2020-11-18,sddigital,SS-029digi
2020-11-18,sddigital,SS-029digi
2020-11-18,sddigital,SS-029digi
2020-11-18,sddigital,SS-029digi
2020-11-18,sddigital,SS-029digi
2020-11-19,sddigital,SS-001digi
2020-11-19,sddigital,SS-001digi
2020-11-19,sddigital,SS-029digi
2020-11-20,sddigital,SS-029digi
2020-11-20,sddigital,SS-029digi
2020-11-20,sddigital,SS-029digi
2020-11-20,sddigital,SS-029digi
2020-11-20,sddigital,SS-029digi
2020-11-20,sddigital,SS-001digi
2020-11-20,sddigital,SS-001digi
2020-11-20,sddigital,SS-029digi
2020-11-20,sddigital,SS-029digi
2020-11-20,sddigital,SS-029digi
2020-11-20,sddigital,SS-029digi
2020-11-20,sddigital,SS-029digi
2020-11-20,sddigital,SS-029digi
2020-11-20,sddigital,SS-029digi
2020-11-20,sddigital,SS-029digi
2020-11-20,sddigital,SS-029digi
2020-11-20,sddigital,SS-008digi
2020-11-20,sddigital,SS-001digi
2020-11-20,sddigital,SS-001digi
2020-11-20,sddigital,SS-001digi
2020-11-20,sddigital,SS-001digi
2020-11-20,sddigital,SS-001digi
2020-11-20,sddigital,SS-001digi
2020-11-20,sddigital,SS-001digi
2020-11-20,sddigital,SS-001digi
2020-11-20,sddigital,SS-001digi
2020-11-20,sddigital,SS-029digi
2020-11-20,sddigital,SS-029digi
2020-11-20,sddigital,SS-029digi
2020-11-20,sddigital,SS-008digi
2020-11-20,sddigital,SS-029digi
2020-11-20,sddigital,SS-029digi
2020-11-20,sddigital,SS-029digi
2020-11-20,sddigital,SS-029digi
2020-11-20,sddigital,SS-029digi
2020-11-20,sddigital,SS-029digi
2020-11-21,sddigital,SS-029digi
2020-11-21,sddigital,SS-001digi
2020-11-21,sddigital,SS-001digi
2020-11-21,sddigital,SS-001digi
2020-11-21,sddigital,SS-001digi
2020-11-21,sddigital,SS-001digi
2020-11-21,sddigital,SS-001digi
2020-11-21,sddigital,SS-029digi
2020-11-21,sddigital,SS-029digi
2020-11-21,sddigital,SS-029digi
2020-11-21,sddigital,SS-029digi
2020-11-21,sddigital,SS-029digi
2020-11-21,sddigital,SS-029digi
2020-11-21,sddigital,SS-029digi
2020-11-21,sddigital,SS-029digi
2020-11-21,sddigital,SS-029digi
2020-11-21,sddigital,SS-029digi
2020-11-21,sddigital,SS-029digi
2020-11-21,sddigital,SS-029digi
2020-11-21,sddigital,SS-029digi
2020-11-21,sddigital,SS-029digi
2020-11-21,sddigital,SS-029digi
2020-11-21,sddigital,SS-029digi
2020-11-21,sddigital,SS-029digi
2020-11-21,sddigital,SS-029digi
2020-11-21,sddigital,SS-029digi
2020-11-21,sddigital,SS-029digi
2020-11-21,sddigital,SS-029digi
2020-11-21,sddigital,SS-029digi
2020-11-21,sddigital,SS-029digi
2020-11-21,sddigital,SS-029digi
2020-11-21,sddigital,SS-029digi
2020-11-21,sddigital,SS-029digi
2020-11-21,sddigital,SS-029digi
2020-11-21,sddigital,SS-029digi
2020-11-21,sddigital,SS-029digi
2020-11-21,sddigital,SS-029digi
2020-11-21,sddigital,SS-029digi
2020-11-21,sddigital,SS-029digi
2020-11-21,sddigital,SS-029digi
2020-11-21,sddigital,SS-029digi
2020-11-21,sddigital,SS-029digi
2020-11-21,sddigital,SS-029digi
2020-11-21,sddigital,SS-029digi
2020-11-21,sddigital,SS-029digi
2020-11-21,sddigital,SS-029digi
2020-11-21,sddigital,SS-029digi
2020-11-21,sddigital,SS-029digi
2020-11-21,sddigital,SS-029digi
2020-11-21,sddigital,SS-029digi
2020-11-21,sddigital,SS-029digi
2020-11-21,sddigital,SS-029digi
2020-11-21,sddigital,SS-029digi
2020-11-21,sddigital,SS-029digi
2020-11-21,sddigital,SS-029digi
2020-11-21,sddigital,SS-029digi
2020-11-21,sddigital,SS-029digi
2020-11-21,sddigital,SS-029digi
2020-11-21,sddigital,SS-029digi
2020-11-24,sddigital,SS-029digi
2020-11-24,sddigital,SS-001digi
2020-11-25,sddigital,SS-008digi
2020-11-25,sddigital,SS-029digi
2020-11-25,sddigital,SS-029digi
2020-11-25,sddigital,SS-001digi
2020-11-25,sddigital,SS-001digi
2020-12-01,sds,SS-029digi
2020-12-01,sds,SS-029digi
2020-12-01,sds,SS-001digi
2020-12-01,sds,SS-029digi
2020-12-01,sds,SS-029digi
2020-12-01,sds,SS-029digi
2020-12-01,sds,SS-029digi
2020-12-01,sds,SS-029digi
2020-12-01,sds,SS-029digi
2020-12-01,sds,SS-029digi
2020-12-01,sds,SS-029digi
2020-12-01,sds,SS-029digi
2020-12-01,sds,SS-029digi
2020-12-01,sds,SS-029digi
2020-12-04,bandcamp,SS-001digi
2020-12-04,bandcamp,SS-029digi
2020-12-04,bandcamp,SS-001digi
2020-12-04,bandcamp,SS-008digi
2020-12-04,bandcamp,SS-001digi
2020-12-04,bandcamp,SS-001digi
2020-12-04,bandcamp,SS-008digi
2020-12-04,bandcamp,SS-008digi
2020-12-04,bandcamp,SS-029digi
2020-12-04,bandcamp,SS-001digi
2020-12-04,bandcamp,SS-029digi
2020-12-04,bandcamp,SS-001digi
2020-12-04,bandcamp,SS-008digi
2020-12-04,bandcamp,SS-001digi
2020-12-04,bandcamp,SS-029digi
2020-12-04,bandcamp,SS-008digi
2020-12-04,bandcamp,SS-008digi
2020-12-04,bandcamp,SS-001digi
2020-12-04,bandcamp,SS-029digi
2020-12-04,bandcamp,SS-008digi
2020-12-04,bandcamp,SS-008digi
2020-12-04,bandcamp,SS-001digi
2020-12-04,bandcamp,SS-001digi
2020-12-04,bandcamp,SS-008digi
2020-12-04,bandcamp,SS-029digi
2020-12-04,bandcamp,SS-029digi
2020-12-04,bandcamp,SS-001digi
2020-12-04,bandcamp,SS-001digi
2020-12-04,bandcamp,SS-029digi
2020-12-04,bandcamp,SS-001digi
2020-12-04,bandcamp,SS-029digi
2020-12-04,bandcamp,SS-029digi
2020-12-05,bandcamp,SS-029digi
2020-12-05,bandcamp,SS-001digi
2020-12-05,bandcamp,SS-008digi
2020-12-05,bandcamp,SS-029digi
2020-12-05,bandcamp,SS-029digi
2020-12-05,bandcamp,SS-029digi
2020-12-05,bandcamp,SS-029digi
2020-12-05,bandcamp,SS-008digi
2020-12-05,bandcamp,SS-029digi
2020-12-05,bandcamp,SS-008digi
2020-12-05,bandcamp,SS-008digi
2020-12-05,bandcamp,SS-001digi
2020-12-07,bandcamp,SS-001digi
2020-12-13,bandcamp,SS-029digi
2020-12-14,bandcamp,SS-001digi
2020-12-17,sddigital,SS-001digi
2020-12-18,sddigital,SS-029digi
2020-12-18,sddigital,SS-001digi
2020-12-18,sddigital,SS-001digi
2020-12-18,sddigital,SS-001digi
2020-12-18,sddigital,SS-001digi
2020-12-18,sddigital,SS-001digi
2020-12-18,sddigital,SS-001digi
2020-12-18,sddigital,SS-001digi
2020-12-18,sddigital,SS-001digi
2020-12-18,sddigital,SS-001digi
2020-12-18,sddigital,SS-001digi
2020-12-18,sddigital,SS-001digi
2020-12-18,sddigital,SS-001digi
2020-12-18,sddigital,SS-001digi
2020-12-18,sddigital,SS-001digi
2020-12-18,sddigital,SS-001digi
2020-12-18,sddigital,SS-001digi
2020-12-18,sddigital,SS-001digi
2020-12-18,sddigital,SS-001digi
2020-12-18,sddigital,SS-001digi
2020-12-18,sddigital,SS-001digi
2020-12-18,sddigital,SS-001digi
2020-12-18,sddigital,SS-001digi
2020-12-18,sddigital,SS-001digi
2020-12-18,sddigital,SS-001digi
2020-12-18,sddigital,SS-001digi
2020-12-18,sddigital,SS-001digi
2020-12-18,sddigital,SS-001digi
2020-12-18,sddigital,SS-001digi
2020-12-18,sddigital,SS-001digi
2020-12-18,sddigital,SS-001digi
2020-12-18,sddigital,SS-001digi
2020-12-18,sddigital,SS-001digi
2020-12-18,sddigital,SS-001digi
2020-12-18,sddigital,SS-029digi
2020-12-18,sddigital,SS-029digi
2020-12-18,sddigital,SS-029digi
2020-12-18,sddigital,SS-029digi
2020-12-18,sddigital,SS-029digi
2020-12-18,sddigital,SS-029digi
2020-12-18,sddigital,SS-029digi
2020-12-18,sddigital,SS-029digi
2020-12-18,sddigital,SS-029digi
2020-12-18,sddigital,SS-029digi
2020-12-18,sddigital,SS-029digi
2020-12-18,sddigital,SS-029digi
2020-12-18,sddigital,SS-029digi
2020-12-18,sddigital,SS-029digi
2020-12-18,sddigital,SS-029digi
2020-12-18,sddigital,SS-029digi
2020-12-18,sddigital,SS-029digi
2020-12-18,sddigital,SS-029digi
2020-12-18,sddigital,SS-029digi
2020-12-18,sddigital,SS-029digi
2020-12-18,sddigital,SS-029digi
2020-12-18,sddigital,SS-029digi
2020-12-18,sddigital,SS-029digi
2020-12-18,sddigital,SS-029digi
2020-12-18,sddigital,SS-029digi
2020-12-18,sddigital,SS-029digi
2020-12-18,sddigital,SS-029digi
2020-12-18,sddigital,SS-029digi
2020-12-18,sddigital,SS-029digi
2020-12-18,sddigital,SS-029digi
2020-12-18,sddigital,SS-029digi
2020-12-18,sddigital,SS-029digi
2020-12-18,sddigital,SS-029digi
2020-12-18,sddigital,SS-029digi
2020-12-18,sddigital,SS-029digi
2020-12-18,sddigital,SS-029digi
2020-12-18,sddigital,SS-029digi
2020-12-18,sddigital,SS-029digi
2020-12-18,sddigital,SS-029digi
2020-12-18,sddigital,SS-029digi
2020-12-18,sddigital,SS-029digi
2020-12-18,sddigital,SS-029digi
2020-12-18,sddigital,SS-029digi
2020-12-18,sddigital,SS-029digi
2020-12-18,sddigital,SS-029digi
2020-12-18,sddigital,SS-029digi
2020-12-18,sddigital,SS-029digi
2020-12-18,sddigital,SS-029digi
2020-12-18,sddigital,SS-029digi
2020-12-18,sddigital,SS-029digi
2020-12-18,sddigital,SS-029digi
2020-12-18,sddigital,SS-029digi
2020-12-18,sddigital,SS-029digi
2020-12-18,sddigital,SS-008digi
2020-12-18,sddigital,SS-008digi
2020-12-18,sddigital,SS-008digi
2020-12-18,sddigital,SS-008digi
2020-12-21,sddigital,SS-001digi
2020-12-23,sddigital,SS-029digi
2020-12-23,sddigital,SS-029digi
2020-12-23,sddigital,SS-029digi
2020-12-23,sddigital,SS-029digi
2020-12-23,sddigital,SS-029digi
2020-12-23,sddigital,SS-029digi
2020-12-23,sddigital,SS-029digi
2020-12-23,sddigital,SS-029digi
2020-12-23,sddigital,SS-029digi
2020-12-23,sddigital,SS-029digi
2020-12-23,sddigital,SS-029digi
2020-12-23,sddigital,SS-029digi
2020-12-23,sddigital,SS-029digi
2020-12-23,sddigital,SS-029digi
2020-12-23,sddigital,SS-029digi
2020-12-23,sddigital,SS-029digi
2020-12-23,sddigital,SS-029digi
2020-12-23,sddigital,SS-029digi
2020-12-23,sddigital,SS-029digi
2020-12-23,sddigital,SS-029digi
2020-12-23,sddigital,SS-029digi
2020-12-23,sddigital,SS-029digi
2020-12-23,sddigital,SS-029digi
2020-12-23,sddigital,SS-029digi
2020-12-23,sddigital,SS-029digi
2020-12-23,sddigital,SS-029digi
2020-12-23,sddigital,SS-029digi
2020-12-23,sddigital,SS-029digi
2020-12-23,sddigital,SS-029digi
2020-12-23,sddigital,SS-029digi
2020-12-23,sddigital,SS-029digi
2020-12-23,sddigital,SS-029digi
2020-12-23,sddigital,SS-029digi
2020-12-23,sddigital,SS-029digi
2020-12-23,sddigital,SS-029digi
2020-12-23,sddigital,SS-029digi
2020-12-23,sddigital,SS-029digi
2020-12-23,sddigital,SS-029digi
2020-12-23,sddigital,SS-029digi
2020-12-23,sddigital,SS-001digi
2020-12-23,sddigital,SS-029digi
2020-12-23,sddigital,SS-001digi
2020-12-23,sddigital,SS-001digi
2020-12-23,sddigital,SS-001digi
2020-12-23,sddigital,SS-001digi
2020-12-23,sddigital,SS-001digi
2020-12-23,sddigital,SS-001digi
2020-12-23,sddigital,SS-001digi
2020-12-23,sddigital,SS-001digi
2020-12-23,sddigital,SS-001digi
2020-12-23,sddigital,SS-001digi
2020-12-23,sddigital,SS-001digi
2020-12-23,sddigital,SS-001digi
2020-12-23,sddigital,SS-001digi
2020-12-23,sddigital,SS-001digi
2020-12-23,sddigital,SS-001digi
2020-12-23,sddigital,SS-001digi
2020-12-23,sddigital,SS-001digi
2020-12-23,sddigital,SS-001digi
2020-12-23,sddigital,SS-001digi
2020-12-23,sddigital,SS-001digi
2020-12-23,sddigital,SS-001digi
2020-12-23,sddigital,SS-001digi
2020-12-23,sddigital,SS-001digi
2020-12-23,sddigital,SS-001digi
2020-12-23,sddigital,SS-001digi
2020-12-23,sddigital,SS-001digi
2020-12-23,sddigital,SS-001digi
2020-12-23,sddigital,SS-001digi
2020-12-23,sddigital,SS-001digi
2020-12-23,sddigital,SS-001digi
2020-12-23,sddigital,SS-001digi
2020-12-23,sddigital,SS-001digi
2020-12-23,sddigital,SS-001digi
2020-12-23,sddigital,SS-001digi
2020-12-23,sddigital,SS-029digi
2020-12-23,sddigital,SS-029digi
2020-12-23,sddigital,SS-029digi
2020-12-23,sddigital,SS-029digi
2020-12-23,bandcamp,SS-029digi
2020-12-23,sddigital,SS-008digi
2020-12-23,sddigital,SS-008digi
2020-12-23,sddigital,SS-008digi
2020-12-24,sddigital,SS-008digi
2020-12-24,sddigital,SS-008digi
2020-12-24,sddigital,SS-029digi
2020-12-24,sddigital,SS-029digi
2020-12-24,sddigital,SS-029digi
2020-12-24,sddigital,SS-029digi
2020-12-24,sddigital,SS-001digi
2020-12-24,sddigital,SS-029digi
2020-12-24,sddigital,SS-029digi
2020-12-24,sddigital,SS-029digi
2020-12-24,sddigital,SS-029digi
2020-12-24,sddigital,SS-029digi
2020-12-24,sddigital,SS-029digi
2020-12-24,sddigital,SS-029digi
2020-12-24,sddigital,SS-029digi
2020-12-24,sddigital,SS-029digi
2020-12-24,sddigital,SS-029digi
2020-12-24,sddigital,SS-029digi
2020-12-24,sddigital,SS-029digi
2020-12-24,sddigital,SS-029digi
2020-12-24,sddigital,SS-029digi
2020-12-24,sddigital,SS-029digi
2020-12-24,sddigital,SS-029digi
2020-12-24,sddigital,SS-001digi
2020-12-24,sddigital,SS-001digi
2020-12-24,sddigital,SS-001digi
2020-12-24,sddigital,SS-001digi
2020-12-24,sddigital,SS-001digi
2020-12-24,sddigital,SS-001digi
2020-12-24,sddigital,SS-001digi
2020-12-24,sddigital,SS-029digi
2020-12-24,sddigital,SS-001digi
2020-12-24,sddigital,SS-029digi
2020-12-24,sddigital,SS-029digi
2020-12-24,sddigital,SS-029digi
2020-12-24,sddigital,SS-029digi
2020-12-24,sddigital,SS-029digi
2020-12-24,sddigital,SS-029digi
2020-12-24,sddigital,SS-029digi
2020-12-24,sddigital,SS-029digi
2020-12-24,sddigital,SS-029digi
2020-12-24,sddigital,SS-029digi
2020-12-24,sddigital,SS-029digi
2020-12-24,sddigital,SS-029digi
2020-12-24,sddigital,SS-029digi
2020-12-24,sddigital,SS-029digi
2020-12-24,sddigital,SS-029digi
2020-12-24,sddigital,SS-029digi
2020-12-24,sddigital,SS-029digi
2020-12-24,sddigital,SS-029digi
2020-12-24,sddigital,SS-029digi
2020-12-24,sddigital,SS-029digi
2020-12-24,sddigital,SS-029digi
2020-12-24,sddigital,SS-029digi
2020-12-24,sddigital,SS-001digi
2020-12-24,sddigital,SS-001digi
2020-12-24,sddigital,SS-001digi
2020-12-24,sddigital,SS-029digi
2020-12-24,sddigital,SS-029digi
2020-12-24,sddigital,SS-029digi
2020-12-24,sddigital,SS-029digi
2020-12-24,sddigital,SS-029digi
2020-12-24,sddigital,SS-029digi
2020-12-24,sddigital,SS-029digi
2020-12-24,sddigital,SS-001digi
2020-12-25,bandcamp,SS-001digi
2020-12-28,sddigital,SS-029digi
2020-12-28,sddigital,SS-029digi
2020-12-28,sddigital,SS-029digi
2020-12-28,sddigital,SS-029digi
2020-12-28,sddigital,SS-001digi
2020-12-28,sddigital,SS-001digi
2020-12-28,sddigital,SS-008digi
